2,tt0111162,The Godfather,R,https://images-na.ssl-images-amazon.com/images/M/MV5BZTRmNjQ1ZDYtNDgzMy00OGE0LWE4N2YtNTkzNWQ5ZDhlNGJmL2ltYWdlL2ltYWdlXkEyXkFqcGdeQXVyNjU0OTQ0OTY@._V1_SX300.jpg,1972-03-24,9.2,The aging patriarch of an organized crime dynasty transfers control of his clandestine empire to his reluctant son.,1,"Crime, Drama",Francis Ford Coppola
3,tt0111163,The Godfather: Part II,R,https://images-na.ssl-images-amazon.com/images/M/MV5BMjZiNzIxNTQtNDc5Zi00YWY1LThkMTctMDgzYjY4YjI1YmQyL2ltYWdlL2ltYWdlXkEyXkFqcGdeQXVyNjU0OTQ0OTY@._V1_SX300.jpg,1974-12-20,9,"The early life and career of Vito Corleone in 1920s New York is portrayed while his son, Michael, expands and tightens his grip on the family crime syndicate.",1,"Crime, Drama",Francis Ford Coppola
4,tt0111164,The Dark Knight,PG-13,https://images-na.ssl-images-amazon.com/images/M/MV5BMTMxNTMwODM0NF5BMl5BanBnXkFtZTcwODAyMTk2Mw@@._V1_SX300.jpg,2008-07-18,9,"When the menace known as the Joker emerges from his mysterious past, he wreaks havoc and chaos on the people of Gotham, the Dark Knight must accept one of the greatest psychological and physical tests of his ability to fight injustice.",1,"Action, Crime, Drama",Christopher Nolan
5,tt0111165,12 Angry Men,APPROVED,https://images-na.ssl-images-amazon.com/images/M/MV5BODQwOTc5MDM2N15BMl5BanBnXkFtZTcwODQxNTEzNA@@._V1_SX300.jpg,1957-04-01,8.9,A jury holdout attempts to prevent a miscarriage of justice by forcing his colleagues to reconsider the evidence.,2,"Crime, Drama",Sidney Lumet
6,tt0111166,Schindler's List,R,https://images-na.ssl-images-amazon.com/images/M/MV5BNDE4OTMxMTctNmRhYy00NWE2LTg3YzItYTk3M2UwOTU5Njg4XkEyXkFqcGdeQXVyNjU0OTQ0OTY@._V1_SX300.jpg,1994-02-04,8.9,"In German-occupied Poland during World War II, Oskar Schindler gradually becomes concerned for his Jewish workforce after witnessing their persecution by the Nazi Germans.",2,"Biography, Drama, History",Steven Spielberg
7,tt0111167,The Lord of the Rings: The Return of the King,PG-13,https://images-na.ssl-images-amazon.com/images/M/MV5BYWY1ZWQ5YjMtMDE0MS00NWIzLWE1M2YtODYzYTk2OTNlYWZmXkEyXkFqcGdeQXVyNDUyOTg3Njg@._V1_SX300.jpg,2003-12-17,8.9,Gandalf and Aragorn lead the World of Men against Sauron's army to draw his gaze from Frodo and Sam as they approach Mount Doom with the One Ring.,1,"Adventure, Drama, Fantasy",Peter Jackson
8,tt0111168,Pulp Fiction,R,https://images-na.ssl-images-amazon.com/images/M/MV5BMTkxMTA5OTAzMl5BMl5BanBnXkFtZTgwNjA5MDc3NjE@._V1_SX300.jpg,1994-10-14,8.9,"The lives of two mob hit men, a boxer, a gangster's wife, and a pair of diner bandits intertwine in four tales of violence and redemption.",1,"Crime, Drama",Quentin Tarantino
9,tt0111169,Fight Club,R,https://images-na.ssl-images-amazon.com/images/M/MV5BZGY5Y2RjMmItNDg5Yy00NjUwLThjMTEtNDc2OGUzNTBiYmM1XkEyXkFqcGdeQXVyNjU0OTQ0OTY@._V1_SX300.jpg,1999-10-15,8.8,"An insomniac office worker, looking for a way to change his life, crosses paths with a devil-may-care soap maker, forming an underground fight club that evolves into something much, much more.",2,Drama,David Fincher
10,tt0111170,The Lord of the Rings: The Fellowship of the Ring,PG-13,https://images-na.ssl-images-amazon.com/images/M/MV5BN2EyZjM3NzUtNWUzMi00MTgxLWI0NTctMzY4M2VlOTdjZWRiXkEyXkFqcGdeQXVyNDUzOTQ5MjY@._V1_SX300.jpg,2001-12-19,8.8,A meek Hobbit from the Shire and eight companions set out on a journey to destroy the powerful One Ring and save Middle Earth from the Dark Lord Sauron.,3,"Adventure, Drama, Fantasy",Peter Jackson
11,tt0111171,Forrest Gump,PG-13,https://images-na.ssl-images-amazon.com/images/M/MV5BYThjM2MwZGMtMzg3Ny00NGRkLWE4M2EtYTBiNWMzOTY0YTI4XkEyXkFqcGdeQXVyNDYyMDk5MTU@._V1_SX300.jpg,1994-07-06,8.8,"While not intelligent, Forrest Gump has accidentally been present at many historic moments, but his true love, Jenny Curran, eludes him.",1,"Comedy, Drama, Romance",Robert Zemeckis
12,tt0111172,Star Wars: Episode V - The Empire Strikes Back,PG,https://images-na.ssl-images-amazon.com/images/M/MV5BYmViY2M2MTYtY2MzOS00YjQ1LWIzYmEtOTBiNjhlMGM0NjZjXkEyXkFqcGdeQXVyNDYyMDk5MTU@._V1_SX300.jpg,1980-06-20,8.8,"After the rebels are overpowered by the Empire on their newly established base, Luke Skywalker begins Jedi training with Master Yoda. His friends accept shelter from a questionable ally as Darth Vader hunts them in a plan to capture Luke.",1,"Action, Adventure, Fantasy",Irvin Kershner
13,tt0111173,Inception,PG-13,https://images-na.ssl-images-amazon.com/images/M/MV5BMjAxMzY3NjcxNF5BMl5BanBnXkFtZTcwNTI5OTM0Mw@@._V1_SX300.jpg,2010-07-16,8.8,"A thief, who steals corporate secrets through use of dream-sharing technology, is given the inverse task of planting an idea into the mind of a CEO.",1,"Action, Adventure, Sci-Fi",Christopher Nolan
14,tt0111174,The Lord of the Rings: The Two Towers,PG-13,https://images-na.ssl-images-amazon.com/images/M/MV5BMDY0NmI4ZjctN2VhZS00YzExLTkyZGItMTJhOTU5NTg4MDU4XkEyXkFqcGdeQXVyNjU0OTQ0OTY@._V1_SX300.jpg,2002-12-18,8.7,"While Frodo and Sam edge closer to Mordor with the help of the shifty Gollum, the divided fellowship makes a stand against Sauron's new ally, Saruman, and his hordes of Isengard.",1,"Adventure, Drama, Fantasy",Peter Jackson
15,tt0111175,One Flew Over the Cuckoo's Nest,R,https://images-na.ssl-images-amazon.com/images/M/MV5BZjA0OWVhOTAtYWQxNi00YzNhLWI4ZjYtNjFjZTEyYjJlNDVlL2ltYWdlL2ltYWdlXkEyXkFqcGdeQXVyMTQxNzMzNDI@._V1_SX300.jpg,1975-11-19,8.7,A criminal pleads insanity after getting into trouble again and once in the mental institution rebels against the oppressive nurse and rallies up the scared patients.,7,Drama,Milos Forman
16,tt0111176,Goodfellas,R,https://images-na.ssl-images-amazon.com/images/M/MV5BNThjMzczMjctZmIwOC00NTQ4LWJhZWItZDdhNTk5ZTdiMWFlXkEyXkFqcGdeQXVyNDYyMDk5MTU@._V1_SX300.jpg,1990-09-21,8.7,"The story of Henry Hill and his life through the teen years into the years of mafia, covering his relationship with wife Karen Hill and his Mob partners Jimmy Conway and Tommy DeVitto in the Italian-American crime syndicate.",3,"Crime, Drama",Martin Scorsese
17,tt0111177,The Matrix,R,https://images-na.ssl-images-amazon.com/images/M/MV5BNzQzOTk3OTAtNDQ0Zi00ZTVkLWI0MTEtMDllZjNkYzNjNTc4L2ltYWdlXkEyXkFqcGdeQXVyNjU0OTQ0OTY@._V1_SX300.jpg,1999-03-31,8.7,A computer hacker learns from mysterious rebels about the true nature of his reality and his role in the war against its controllers.,1,"Action, Sci-Fi","Lana Wachowski, Lilly Wachowski"
18,tt0111178,Star Wars: Episode IV - A New Hope,PG,https://images-na.ssl-images-amazon.com/images/M/MV5BYzQ2OTk4N2QtOGQwNy00MmI3LWEwNmEtOTk0OTY3NDk2MGJkL2ltYWdlL2ltYWdlXkEyXkFqcGdeQXVyNjc1NTYyMjg@._V1_SX300.jpg,1977-05-25,8.7,"Luke Skywalker joins forces with a Jedi Knight, a cocky pilot, a wookiee and two droids to save the galaxy from the Empire's world-destroying battle-station, while also attempting to rescue Princess Leia from the evil Darth Vader.",1,"Action, Adventure, Fantasy",George Lucas
19,tt0111179,Se7en,R,https://images-na.ssl-images-amazon.com/images/M/MV5BOTUwODM5MTctZjczMi00OTk4LTg3NWUtNmVhMTAzNTNjYjcyXkEyXkFqcGdeQXVyNjU0OTQ0OTY@._V1_SX300.jpg,1995-09-22,8.6,"Two detectives, a rookie and a veteran, hunt a serial killer who uses the seven deadly sins as his motives.",1,"Crime, Drama, Mystery",David Fincher
20,tt0111180,It's a Wonderful Life,PG,https://images-na.ssl-images-amazon.com/images/M/MV5BMTMzMzY5NDc4M15BMl5BanBnXkFtZTcwMzc4NjIxNw@@._V1_SX300.jpg,1947-01-07,8.6,An angel is sent from Heaven to help a desperately frustrated businessman by showing him what life would have been like if he had never existed.,1,"Drama, Family, Fantasy",Frank Capra
21,tt0111181,The Silence of the Lambs,R,https://images-na.ssl-images-amazon.com/images/M/MV5BNjNhZTk0ZmEtNjJhMi00YzFlLWE1MmEtYzM1M2ZmMGMwMTU4XkEyXkFqcGdeQXVyNjU0OTQ0OTY@._V1_SX300.jpg,1991-02-14,8.6,A young F.B.I. cadet must confide in an incarcerated and manipulative killer to receive his help on catching another serial killer who skins his victims.,2,"Crime, Drama, Thriller",Jonathan Demme
22,tt0111182,The Usual Suspects,R,https://images-na.ssl-images-amazon.com/images/M/MV5BYTViNjMyNmUtNDFkNC00ZDRlLThmMDUtZDU2YWE4NGI2ZjVmXkEyXkFqcGdeQXVyNjU0OTQ0OTY@._V1_SX300.jpg,1995-09-15,8.6,"A sole survivor tells of the twisty events leading up to a horrific gun battle on a boat, which began when five criminals met at a seemingly random police lineup.",1,"Crime, Drama, Mystery",Bryan Singer
23,tt0111183,Léon: The Professional,R,https://images-na.ssl-images-amazon.com/images/M/MV5BMjdjMGU3MGYtN2Y5ZC00MTE4LWE4YWQtMTBhMjc3MTk0ZDUwXkEyXkFqcGdeQXVyNjU0OTQ0OTY@._V1_SX300.jpg,1994-11-18,8.6,"Mathilda, a 12-year-old girl, is reluctantly taken in by Léon, a professional assassin, after her family is murdered. Léon and Mathilda form an unusual relationship, as she becomes his protégée and learns the assassin's trade.",2,"Crime, Drama, Thriller",Luc Besson
24,tt0111184,Saving Private Ryan,R,https://images-na.ssl-images-amazon.com/images/M/MV5BZjhkMDM4MWItZTVjOC00ZDRhLThmYTAtM2I5NzBmNmNlMzI1XkEyXkFqcGdeQXVyNDYyMDk5MTU@._V1_SX300.jpg,1998-07-24,8.6,"Following the Normandy Landings, a group of U.S. soldiers go behind enemy lines to retrieve a paratrooper whose brothers have been killed in action.",2,"Drama, War",Steven Spielberg
25,tt0111185,City Lights,G,https://images-na.ssl-images-amazon.com/images/M/MV5BZDRjMmI3ZjgtMGE3Mi00NjY5LTg0NWMtMmU3YzgyMjhmMjIzL2ltYWdlXkEyXkFqcGdeQXVyNTAyODkwOQ@@._V1_SX300.jpg,1931-03-07,8.6,"With the aid of a wealthy erratic tippler, a dewy-eyed tramp who has fallen in love with a sightless flower girl accumulates money to be able to help her medically.",1,"Comedy, Drama, Romance",Charles Chaplin
26,tt0111186,Interstellar,PG-13,https://images-na.ssl-images-amazon.com/images/M/MV5BMjIxNTU4MzY4MF5BMl5BanBnXkFtZTgwMzM4ODI3MjE@._V1_SX300.jpg,2014-11-07,8.6,A team of explorers travel through a wormhole in space in an attempt to ensure humanity's survival.,3,"Adventure, Drama, Sci-Fi",Christopher Nolan
27,tt0111187,American History X,R,https://images-na.ssl-images-amazon.com/images/M/MV5BZjA0MTM4MTQtNzY5MC00NzY3LWI1ZTgtYzcxMjkyMzU4MDZiXkEyXkFqcGdeQXVyNDYyMDk5MTU@._V1_SX300.jpg,1998-11-20,8.5,A former neo-nazi skinhead tries to prevent his younger brother from going down the same wrong path that he did.,1,"Crime, Drama",Tony Kaye
28,tt0111188,Modern Times,G,https://images-na.ssl-images-amazon.com/images/M/MV5BYjJiZjMzYzktNjU0NS00OTkxLWEwYzItYzdhYWJjN2QzMTRlL2ltYWdlL2ltYWdlXkEyXkFqcGdeQXVyNjU0OTQ0OTY@._V1_SX300.jpg,1936-02-25,8.5,The Tramp struggles to live in modern industrial society with the help of a young homeless woman.,1,"Comedy, Drama, Family",Charles Chaplin
29,tt0111189,Casablanca,PG,https://images-na.ssl-images-amazon.com/images/M/MV5BY2IzZGY2YmEtYzljNS00NTM5LTgwMzUtMzM1NjQ4NGI0OTk0XkEyXkFqcGdeQXVyNDYyMDk5MTU@._V1_SX300.jpg,1943-01-23,8.5,"In Casablanca in December 1941, a cynical American expatriate encounters a former lover, with unforeseen complications.",3,"Drama, Romance, War",Michael Curtiz
30,tt0111190,The Green Mile,R,https://images-na.ssl-images-amazon.com/images/M/MV5BMTUxMzQyNjA5MF5BMl5BanBnXkFtZTYwOTU2NTY3._V1_SX300.jpg,1999-12-10,8.5,"The lives of guards on Death Row are affected by one of their charges: a black man accused of child murder and rape, yet who has a mysterious gift.",1,"Crime, Drama, Fantasy",Frank Darabont
31,tt0111191,Psycho,APPROVED,https://images-na.ssl-images-amazon.com/images/M/MV5BOWQ0MjRmZmUtY2Q2Yi00ODcxLWE4NGMtMTNjMDY1YmUzMjVkXkEyXkFqcGdeQXVyNjc1NTYyMjg@._V1_SX300.jpg,1960-09-08,8.5,"A Phoenix secretary embezzles $40,000 from her employer's client, goes on the run, and checks into a remote motel run by a young man under the domination of his mother.",6,"Horror, Mystery, Thriller",Alfred Hitchcock
32,tt0111192,Raiders of the Lost Ark,PG,https://images-na.ssl-images-amazon.com/images/M/MV5BMjA0ODEzMTc1Nl5BMl5BanBnXkFtZTcwODM2MjAxNA@@._V1_SX300.jpg,1981-06-12,8.5,Archaeologist and adventurer Indiana Jones is hired by the U.S. government to find the Ark of the Covenant before the Nazis.,2,"Action, Adventure",Steven Spielberg
33,tt0111193,The Pianist,R,https://images-na.ssl-images-amazon.com/images/M/MV5BOWRiZDIxZjktMTA1NC00MDQ2LWEzMjUtMTliZmY3NjQ3ODJiXkEyXkFqcGdeQXVyNjU0OTQ0OTY@._V1_SX300.jpg,2003-03-28,8.5,A Polish Jewish musician struggles to survive the destruction of the Warsaw ghetto of World War II.,1,"Biography, Drama, Music",Roman Polanski
34,tt0111194,Rear Window,APPROVED,https://images-na.ssl-images-amazon.com/images/M/MV5BNGUxYWM3M2MtMGM3Mi00ZmRiLWE0NGQtZjE5ODI2OTJhNTU0XkEyXkFqcGdeQXVyMTQxNzMzNDI@._V1_SX300.jpg,1954-09-01,8.5,A wheelchair-bound photographer spies on his neighbours from his apartment window and becomes convinced one of them has committed murder.,6,"Mystery, Thriller",Alfred Hitchcock
35,tt0111195,The Departed,R,https://images-na.ssl-images-amazon.com/images/M/MV5BMTI1MTY2OTIxNV5BMl5BanBnXkFtZTYwNjQ4NjY3._V1_SX300.jpg,2006-10-06,8.5,An undercover cop and a mole in the police attempt to identify each other while infiltrating an Irish gang in South Boston.,8,"Crime, Drama, Thriller",Martin Scorsese
36,tt0111196,Whiplash,R,https://images-na.ssl-images-amazon.com/images/M/MV5BOTVhMWQ5MDktMGE3OS00MjVlLWExZWYtMzY2MTg4ZGFiZDQ5L2ltYWdlXkEyXkFqcGdeQXVyNjU0OTQ0OTY@._V1_SX300.jpg,2014-10-15,8.5,A promising young drummer enrolls at a cut-throat music conservatory where his dreams of greatness are mentored by an instructor who will stop at nothing to realize a student's potential.,1,"Drama, Music",Damien Chazelle
37,tt0111197,Terminator 2: Judgment Day,R,https://images-na.ssl-images-amazon.com/images/M/MV5BMGU2NzRmZjUtOGUxYS00ZjdjLWEwZWItY2NlM2JhNjkxNTFmXkEyXkFqcGdeQXVyNjU0OTQ0OTY@._V1_SX300.jpg,1991-07-03,8.5,"A cyborg, identical to the one who failed to kill Sarah Connor, must now protect her ten year old son, John Connor, from a more advanced cyborg.",2,"Action, Sci-Fi, Thriller",James Cameron
38,tt0111198,Back to the Future,PG,https://images-na.ssl-images-amazon.com/images/M/MV5BZmU0M2Y1OGUtZjIxNi00ZjBkLTg1MjgtOWIyNThiZWIwYjRiXkEyXkFqcGdeQXVyMTQxNzMzNDI@._V1_SX300.jpg,1985-07-03,8.5,"Marty McFly, a 17-year-old high school student, is accidentally sent 30 years into the past in a time-traveling DeLorean invented by his close friend, the maverick scientist Doc Brown.",6,"Adventure, Comedy, Sci-Fi",Robert Zemeckis
39,tt0111199,Gladiator,R,https://images-na.ssl-images-amazon.com/images/M/MV5BMDliMmNhNDEtODUyOS00MjNlLTgxODEtN2U3NzIxMGVkZTA1L2ltYWdlXkEyXkFqcGdeQXVyNjU0OTQ0OTY@._V1_SX300.jpg,2000-05-05,8.5,"When a Roman general is betrayed and his family murdered by an emperor's corrupt son, he comes to Rome as a gladiator to seek revenge.",6,"Action, Adventure, Drama",Ridley Scott
40,tt0111200,The Lion King,G,https://images-na.ssl-images-amazon.com/images/M/MV5BYTYxNGMyZTYtMjE3MS00MzNjLWFjNmYtMDk3N2FmM2JiM2M1XkEyXkFqcGdeQXVyNjY5NDU4NzI@._V1_SX300.jpg,1994-06-24,8.5,Lion cub and future king Simba searches for his identity. His eagerness to please others and penchant for testing his boundaries sometimes gets him into trouble.,2,"Animation, Adventure, Drama","Roger Allers, Rob Minkoff"
41,tt0111201,The Prestige,PG-13,https://images-na.ssl-images-amazon.com/images/M/MV5BMjA4NDI0MTIxNF5BMl5BanBnXkFtZTYwNTM0MzY2._V1_SX300.jpg,2006-10-20,8.5,Two stage magicians engage in competitive one-upmanship in an attempt to create the ultimate stage illusion.,3,"Drama, Mystery, Sci-Fi",Christopher Nolan
42,tt0111202,Apocalypse Now,R,https://images-na.ssl-images-amazon.com/images/M/MV5BMDg1MDgzMmQtNDhlYS00MzZiLTllZGItNzliZTE1ODBiZDQwXkEyXkFqcGdeQXVyNjU0OTQ0OTY@._V1_SX300.jpg,1979-08-15,8.5,"During the Vietnam War, Captain Willard is sent on a dangerous mission into Cambodia to assassinate a renegade colonel who has set himself up as a god among a local tribe.",3,"Drama, War",Francis Ford Coppola
43,tt0111203,Memento,R,https://images-na.ssl-images-amazon.com/images/M/MV5BZTcyNjk1MjgtOWI3Mi00YzQwLWI5MTktMzY4ZmI2NDAyNzYzXkEyXkFqcGdeQXVyNjU0OTQ0OTY@._V1_SX300.jpg,2001-05-25,8.5,A man juggles searching for his wife's murderer and keeping his short-term memory loss from being an obstacle.,2,"Mystery, Thriller",Christopher Nolan
44,tt0111204,The Great Dictator,APPROVED,https://images-na.ssl-images-amazon.com/images/M/MV5BMmExYWJjNTktNGUyZS00ODhmLTkxYzAtNWIzOGEyMGNiMmUwXkEyXkFqcGdeQXVyNjU0OTQ0OTY@._V1_SX300.jpg,1941-03-07,8.5,Dictator Adenoid Hynkel tries to expand his empire while a poor Jewish barber tries to avoid persecution from Hynkel's regime.,1,"Comedy, Drama, War",Charles Chaplin
45,tt0111205,Sunset Boulevard,PASSED,https://images-na.ssl-images-amazon.com/images/M/MV5BMTU0NTkyNzYwMF5BMl5BanBnXkFtZTgwMDU0NDk5MTI@._V1_SX300.jpg,1950-09-29,8.5,A screenwriter is hired to rework a faded silent film star's script only to find himself developing a dangerous relationship.,6,"Drama, Film-Noir",Billy Wilder
46,tt0111206,Alien,R,https://images-na.ssl-images-amazon.com/images/M/MV5BNDNhN2IxZWItNGEwYS00ZDNhLThiM2UtODU3NWJlZjBkYjQxXkEyXkFqcGdeQXVyMTQxNzMzNDI@._V1_SX300.jpg,1979-06-22,8.5,"After a space merchant vessel perceives an unknown transmission as a distress call, its landing on the source moon finds one of the crew attacked by a mysterious life-form, and they soon realize that its life cycle has merely begun.",2,"Horror, Sci-Fi",Ridley Scott
47,tt0111207,Dr. Strangelove or: How I Learned to Stop Worrying and Love the Bomb,PG,https://images-na.ssl-images-amazon.com/images/M/MV5BMTU2ODM2NTkxNF5BMl5BanBnXkFtZTcwOTMwMzU3Mg@@._V1_SX300.jpg,1964-01-29,8.5,An insane general triggers a path to nuclear holocaust that a war room full of politicians and generals frantically try to stop.,1,Comedy,Stanley Kubrick
48,tt0111208,Paths of Glory,APPROVED,https://images-na.ssl-images-amazon.com/images/M/MV5BMDdkYzE5ODYtMmIwZi00MDgzLTk1YWEtZTcwNGRmMzAwNDMzXkEyXkFqcGdeQXVyNDQzMDg4Nzk@._V1_SX300.jpg,1957-11-01,8.5,"After refusing to attack an enemy position, a general accuses the soldiers of cowardice and their commanding officer must defend them.",1,"Drama, War",Stanley Kubrick
49,tt0111209,Django Unchained,R,https://images-na.ssl-images-amazon.com/images/M/MV5BMjIyNTQ5NjQ1OV5BMl5BanBnXkFtZTcwODg1MDU4OA@@._V1_SX300.jpg,2012-12-25,8.4,"With the help of a German bounty hunter , a freed slave sets out to rescue his wife from a brutal Mississippi plantation owner.",7,"Drama, Western",Quentin Tarantino
50,tt0111210,The Shining,R,https://images-na.ssl-images-amazon.com/images/M/MV5BZWFlYmY2MGEtZjVkYS00YzU4LTg0YjQtYzY1ZGE3NTA5NGQxXkEyXkFqcGdeQXVyMTQxNzMzNDI@._V1_SX300.jpg,1980-06-13,8.4,"A family heads to an isolated hotel for the winter where an evil and spiritual presence influences the father into violence, while his psychic son sees horrific forebodings from the past and of the future.",3,"Drama, Horror",Stanley Kubrick
51,tt0111211,Witness for the Prosecution,APPROVED,https://images-na.ssl-images-amazon.com/images/M/MV5BMTc0MjgyNTUyNF5BMl5BanBnXkFtZTcwNDQzMDg0Nw@@._V1_SX300.jpg,1958-02-06,8.4,A veteran British barrister must defend his client in a murder trial that has surprise after surprise.,2,"Crime, Drama, Mystery",Billy Wilder
52,tt0111212,The Dark Knight Rises,PG-13,https://images-na.ssl-images-amazon.com/images/M/MV5BMTk4ODQzNDY3Ml5BMl5BanBnXkFtZTcwODA0NTM4Nw@@._V1_SX300.jpg,2012-07-20,8.5,"Eight years after the Joker's reign of anarchy, the Dark Knight, with the help of the enigmatic Selina, is forced from his imposed exile to save Gotham City, now on the edge of total annihilation, from the brutal guerrilla terrorist Bane.",7,"Action, Thriller",Christopher Nolan
53,tt0111213,WALL·E,G,https://images-na.ssl-images-amazon.com/images/M/MV5BMjExMTg5OTU0NF5BMl5BanBnXkFtZTcwMjMxMzMzMw@@._V1_SX300.jpg,2008-06-27,8.4,"In the distant future, a small waste-collecting robot inadvertently embarks on a space journey that will ultimately decide the fate of mankind.",9,"Animation, Adventure, Family",Andrew Stanton
54,tt0111214,American Beauty,R,https://images-na.ssl-images-amazon.com/images/M/MV5BMjM4NTI5NzYyNV5BMl5BanBnXkFtZTgwNTkxNTYxMTE@._V1_SX300.jpg,1999-10-01,8.4,A sexually frustrated suburban father has a mid-life crisis after becoming infatuated with his daughter's best friend.,1,"Drama, Romance",Sam Mendes
55,tt0111215,Once Upon a Time in America,R,https://images-na.ssl-images-amazon.com/images/M/MV5BMGFkNWI4MTMtNGQ0OC00MWVmLTk3MTktOGYxN2Y2YWVkZWE2XkEyXkFqcGdeQXVyNjU0OTQ0OTY@._V1_SX300.jpg,1984-06-01,8.4,"A former Prohibition-era Jewish gangster returns to the Lower East Side of Manhattan over thirty years later, where he once again must confront the ghosts and regrets of his old life.",3,"Crime, Drama",Sergio Leone
56,tt0111216,Aliens,R,https://images-na.ssl-images-amazon.com/images/M/MV5BYzVlMWViZGEtYjEyYy00YWZmLThmZGEtYmM4MDZlN2Q5MmRmXkEyXkFqcGdeQXVyMTQxNzMzNDI@._V1_SX300.jpg,1986-07-18,8.4,"The moon from Alien (1979) has been colonized, but contact is lost. This time, the rescue team has impressive firepower, but will it be enough?",7,"Action, Adventure, Sci-Fi",James Cameron
57,tt0111217,Citizen Kane,APPROVED,https://images-na.ssl-images-amazon.com/images/M/MV5BMTQ2Mjc1MDQwMl5BMl5BanBnXkFtZTcwNzUyOTUyMg@@._V1_SX300.jpg,1941-09-05,8.4,"Following the death of a publishing tycoon, news reporters scramble to discover the meaning of his final utterance.",7,"Drama, Mystery",Orson Welles
58,tt0111218,North by Northwest,APPROVED,https://images-na.ssl-images-amazon.com/images/M/MV5BMjQwMTQ0MzgwNl5BMl5BanBnXkFtZTgwNjc4ODE4MzE@._V1_SX300.jpg,1959-09-26,8.4,"A hapless New York advertising executive is mistaken for a government agent by a group of foreign spies, and is pursued across the country while he looks for a way to survive.",3,"Action, Adventure, Mystery",Alfred Hitchcock
59,tt0111219,Vertigo,PG,https://images-na.ssl-images-amazon.com/images/M/MV5BYTE4ODEwZDUtNDFjOC00NjAxLWEzYTQtYTI1NGVmZmFlNjdiL2ltYWdlL2ltYWdlXkEyXkFqcGdeQXVyNjc1NTYyMjg@._V1_SX300.jpg,1958-07-21,8.4,"A San Francisco detective suffering from acrophobia investigates the strange activities of an old friend's wife, all the while becoming dangerously obsessed with her.",1,"Mystery, Romance, Thriller",Alfred Hitchcock
60,tt0111220,Star Wars: Episode VI - Return of the Jedi,PG,https://images-na.ssl-images-amazon.com/images/M/MV5BODllZjg2YjUtNWEzNy00ZGY2LTgyZmQtYTkxNDYyOWM3OTUyXkEyXkFqcGdeQXVyMTQxNzMzNDI@._V1_SX300.jpg,1983-05-25,8.4,"After a daring mission to rescue Han Solo from Jabba the Hutt, the rebels dispatch to Endor to destroy a more powerful Death Star. Meanwhile, Luke struggles to help Vader back from the dark side without falling into the Emperor's trap.",1,"Action, Adventure, Fantasy",Richard Marquand
61,tt0111221,Braveheart,R,https://images-na.ssl-images-amazon.com/images/M/MV5BODg4NzA0MTktOGU5ZS00ODlkLWE3ZmQtYjAzNjNmM2E3NmEzL2ltYWdlL2ltYWdlXkEyXkFqcGdeQXVyNjU0OTQ0OTY@._V1_SX300.jpg,1995-05-24,8.4,"When his secret bride is executed for assaulting an English soldier who tried to rape her, Sir William Wallace begins a revolt against King Edward I of England.",3,"Biography, Drama, History",Mel Gibson
62,tt0111222,Reservoir Dogs,R,https://images-na.ssl-images-amazon.com/images/M/MV5BZmExNmEwYWItYmQzOS00YjA5LTk2MjktZjEyZDE1Y2QxNjA1XkEyXkFqcGdeQXVyMTQxNzMzNDI@._V1_SX300.jpg,1992-09-02,8.3,"After a simple jewelry heist goes terribly wrong, the surviving criminals begin to suspect that one of them is a police informant.",1,"Crime, Drama, Thriller",Quentin Tarantino
63,tt0111223,Double Indemnity,PASSED,https://images-na.ssl-images-amazon.com/images/M/MV5BZmRmYmZkZTktZDc5ZC00ZjZmLTg4NWMtYjM3MjcyNTVjNGQ5L2ltYWdlL2ltYWdlXkEyXkFqcGdeQXVyNjc1NTYyMjg@._V1_SX300.jpg,1944-07-06,8.3,An insurance representative lets himself be talked into a murder/insurance fraud scheme that arouses an insurance investigator's suspicions.,7,"Crime, Drama, Film-Noir",Billy Wilder
64,tt0111224,Requiem for a Dream,R,https://images-na.ssl-images-amazon.com/images/M/MV5BOTdiNzJlOWUtNWMwNS00NmFlLWI0YTEtZmI3YjIzZWUyY2Y3XkEyXkFqcGdeQXVyNjU0OTQ0OTY@._V1_SX300.jpg,2000-12-15,8.4,The drug-induced utopias of four Coney Island people are shattered when their addictions run deep.,3,Drama,Darren Aronofsky
65,tt0111225,Lawrence of Arabia,PG,https://images-na.ssl-images-amazon.com/images/M/MV5BYWY5ZjhjNGYtZmI2Ny00ODM0LWFkNzgtZmI1YzA2N2MxMzA0XkEyXkFqcGdeQXVyNjUwNzk3NDc@._V1_SX300.jpg,1962-12-11,8.3,"The story of T.E. Lawrence, the English officer who successfully united and led the diverse, often warring, Arab tribes during World War I in order to fight the Turks.",1,"Adventure, Biography, Drama",David Lean
66,tt0111226,The Kid,NOT RATED,https://images-na.ssl-images-amazon.com/images/M/MV5BZjhhMThhNDItNTY2MC00MmU1LTliNDEtNDdhZjdlNTY5ZDQ1XkEyXkFqcGdeQXVyNjc1NTYyMjg@._V1_SX300.jpg,1921-02-06,8.3,"The Tramp cares for an abandoned child, but events put that relationship in jeopardy.",6,"Comedy, Drama, Family",Charles Chaplin
67,tt0111227,A Clockwork Orange,R,https://images-na.ssl-images-amazon.com/images/M/MV5BMTY3MjM1Mzc4N15BMl5BanBnXkFtZTgwODM0NzAxMDE@._V1_SX300.jpg,1972-02-02,8.3,"In future Britain, Alex DeLarge, a charismatic and psycopath delinquent, who likes to practice crimes and ultra-violence with his gang, is jailed and volunteers for an experimental aversion therapy developed by the government in an effort to solve society's crime problem - but not all goes according to plan.",8,"Crime, Drama, Sci-Fi",Stanley Kubrick
68,tt0111228,Amadeus,R,https://images-na.ssl-images-amazon.com/images/M/MV5BMTg5NDkwMTk5N15BMl5BanBnXkFtZTYwODg3MDk2._V1_SX300.jpg,1984-09-19,8.3,"The incredible story of Wolfgang Amadeus Mozart, told by his peer and secret rival Antonio Salieri - now confined to an insane asylum.",1,"Biography, Drama, History",Milos Forman
69,tt0111229,To Kill a Mockingbird,NOT RATED,https://images-na.ssl-images-amazon.com/images/M/MV5BN2YxZDUxYzMtYzQxNy00NTRjLThmZjQtY2Q4Njg2MTUyOTkzL2ltYWdlL2ltYWdlXkEyXkFqcGdeQXVyNjU0OTQ0OTY@._V1_SX300.jpg,1963-03-16,8.3,"Atticus Finch, a lawyer in the Depression-era South, defends a black man against an undeserved rape charge, and his children against prejudice.",3,"Crime, Drama",Robert Mulligan
70,tt0111230,Eternal Sunshine of the Spotless Mind,R,https://images-na.ssl-images-amazon.com/images/M/MV5BMTY4NzcwODg3Nl5BMl5BanBnXkFtZTcwNTEwOTMyMw@@._V1_SX300.jpg,2004-03-19,8.3,"When their relationship turns sour, a couple undergoes a procedure to have each other erased from their memories. But it is only through the process of loss that they discover what they had to begin with.",8,"Drama, Romance, Sci-Fi",Michel Gondry
71,tt0111231,Singin' in the Rain,APPROVED,https://images-na.ssl-images-amazon.com/images/M/MV5BZDRjNGViMjQtOThlMi00MTA3LThkYzQtNzJkYjBkMGE0YzE1XkEyXkFqcGdeQXVyNDYyMDk5MTU@._V1_SX300.jpg,1952-04-11,8.3,A silent film production company and cast make a difficult transition to sound.,10,"Comedy, Musical, Romance","Stanley Donen, Gene Kelly"
72,tt0111232,Taxi Driver,R,https://images-na.ssl-images-amazon.com/images/M/MV5BNGQxNDgzZWQtZTNjNi00M2RkLWExZmEtNmE1NjEyZDEwMzA5XkEyXkFqcGdeQXVyMTQxNzMzNDI@._V1_SX300.jpg,1976-02-08,8.3,"A mentally unstable Vietnam War veteran works as a night-time taxi driver in New York City where the perceived decadence and sleaze feeds his urge for violent action, while attempting to save a preadolescent prostitute in the process.",6,"Crime, Drama",Martin Scorsese
73,tt0111233,The Sting,PG,"https://images-na.ssl-images-amazon.com/images/M/MV5BMTY5MjM1OTAyOV5BMl5BanBnXkFtZTgwMDkwODg4MDE@._V1._CR52,57,915,1388_SX89_AL_.jpg_V1_SX300.jpg",1973-12-25,8.3,"In Chicago in September 1936, a young con man seeking revenge for his murdered partner teams up with a master of the big con to win a fortune from a criminal banker.",1,"Comedy, Crime, Drama",George Roy Hill
74,tt0111234,Toy Story 3,G,https://images-na.ssl-images-amazon.com/images/M/MV5BMTgxOTY4Mjc0MF5BMl5BanBnXkFtZTcwNTA4MDQyMw@@._V1_SX300.jpg,2010-06-18,8.3,"The toys are mistakenly delivered to a day-care center instead of the attic right before Andy leaves for college, and it's up to Woody to convince the other toys that they weren't abandoned and to return home.",8,"Animation, Adventure, Comedy",Lee Unkrich
75,tt0111235,2001: A Space Odyssey,G,https://images-na.ssl-images-amazon.com/images/M/MV5BMTZkZTBhYmUtMTIzNy00YTViLTg1OWItNGUwMmVlN2FjZTVkXkEyXkFqcGdeQXVyNDYyMDk5MTU@._V1_SX300.jpg,1968-05-12,8.3,"Humanity finds a mysterious, obviously artificial object buried beneath the Lunar surface and, with the intelligent computer H.A.L. 9000, sets off on a quest.",8,"Adventure, Sci-Fi",Stanley Kubrick
76,tt0111236,Full Metal Jacket,R,https://images-na.ssl-images-amazon.com/images/M/MV5BNzc2ZThkOGItZGY5YS00MDYwLTkyOTAtNDRmZWIwMGRhYTc0L2ltYWdlXkEyXkFqcGdeQXVyNjU0OTQ0OTY@._V1_SX300.jpg,1987-07-10,8.3,A pragmatic U.S. Marine observes the dehumanizing effects the Vietnam War has on his fellow recruits from their brutal boot camp training to the bloody street fighting in Hue.,1,"Drama, War",Stanley Kubrick
77,tt0111237,Baby Driver,R,https://images-na.ssl-images-amazon.com/images/M/MV5BMjM3MjQ1MzkxNl5BMl5BanBnXkFtZTgwODk1ODgyMjI@._V1_SX300.jpg,2017-06-28,8.5,"After being coerced into working for a crime boss, a young getaway driver finds himself taking part in a heist doomed to fail.",1,"Action, Crime, Music",Edgar Wright
78,tt0111238,Toy Story,G,https://images-na.ssl-images-amazon.com/images/M/MV5BMDU2ZWJlMjktMTRhMy00ZTA5LWEzNDgtYmNmZTEwZTViZWJkXkEyXkFqcGdeQXVyNDQ2OTk4MzI@._V1_SX300.jpg,1995-11-22,8.3,A cowboy doll is profoundly threatened and jealous when a new spaceman figure supplants him as top toy in a boy's room.,1,"Animation, Adventure, Comedy",John Lasseter
79,tt0111239,Inglourious Basterds,R,https://images-na.ssl-images-amazon.com/images/M/MV5BOTJiNDEzOWYtMTVjOC00ZjlmLWE0NGMtZmE1OWVmZDQ2OWJhXkEyXkFqcGdeQXVyNTIzOTk5ODM@._V1_SX300.jpg,2009-08-21,8.3,"In Nazi-occupied France during World War II, a plan to assassinate Nazi leaders by a group of Jewish U.S. soldiers coincides with a theatre owner's vengeful plans for the same.",1,"Adventure, Drama, War","Quentin Tarantino, Eli Roth"
80,tt0111240,Snatch,R,https://images-na.ssl-images-amazon.com/images/M/MV5BMTA2NDYxOGYtYjU1Mi00Y2QzLTgxMTQtMWI1MGI0ZGQ5MmU4XkEyXkFqcGdeQXVyNDk3NzU2MTQ@._V1_SX300.jpg,2001-01-19,8.3,"Unscrupulous boxing promoters, violent bookmakers, a Russian gangster, incompetent amateur robbers, and supposedly Jewish jewelers fight to track down a priceless stolen diamond.",6,"Comedy, Crime",Guy Ritchie
81,tt0111241,The Apartment,APPROVED,https://images-na.ssl-images-amazon.com/images/M/MV5BN2YxYmUyZGItZWEzYy00NTA3LThhM2UtZThhNDM5NWYxZGQ1L2ltYWdlL2ltYWdlXkEyXkFqcGdeQXVyNjU0OTQ0OTY@._V1_SX300.jpg,1960-09-16,8.3,"A man tries to rise in his company by letting its executives use his apartment for trysts, but complications and a romance of his own ensue.",8,"Comedy, Drama, Romance",Billy Wilder
82,tt0111242,All About Eve,APPROVED,https://images-na.ssl-images-amazon.com/images/M/MV5BMTY2MTAzODI5NV5BMl5BanBnXkFtZTgwMjM4NzQ0MjE@._V1_SX300.jpg,1951-01-15,8.3,An ingenue insinuates herself into the company of an established but aging stage actress and her circle of theater friends.,1,Drama,Joseph L. Mankiewicz
83,tt0111243,Monty Python and the Holy Grail,PG,https://images-na.ssl-images-amazon.com/images/M/MV5BNmNmZjViNTQtNDQ5Mi00MDYzLWI5YWMtNDUyZGNmMGZhNDg4XkEyXkFqcGdeQXVyNTA4NzY1MzY@._V1_SX300.jpg,1975-05-25,8.3,"King Arthur and his knights embark on a low-budget search for the Grail, encountering many, very silly obstacles.",6,"Adventure, Comedy, Fantasy","Terry Gilliam, Terry Jones"
84,tt0111244,Scarface,R,https://images-na.ssl-images-amazon.com/images/M/MV5BNjdjNGQ4NDEtNTEwYS00MTgxLTliYzQtYzE2ZDRiZjFhZmNlXkEyXkFqcGdeQXVyNjU0OTQ0OTY@._V1_SX300.jpg,1983-12-09,8.3,"In Miami in 1980, a determined Cuban immigrant takes over a drug cartel and succumbs to greed.",7,"Crime, Drama",Brian De Palma
85,tt0111245,L.A. Confidential,R,https://images-na.ssl-images-amazon.com/images/M/MV5BMDQ2YzEyZGItYWRhOS00MjBmLTkzMDUtMTdjYzkyMmQxZTJlXkEyXkFqcGdeQXVyNjU0OTQ0OTY@._V1_SX300.jpg,1997-09-19,8.3,"As corruption grows in 1950s LA, three policemen - one strait-laced, one brutal, and one sleazy - investigate a series of murders with their own brand of justice.",9,"Crime, Drama, Mystery",Curtis Hanson
86,tt0111246,Good Will Hunting,R,https://images-na.ssl-images-amazon.com/images/M/MV5BOTI0MzcxMTYtZDVkMy00NjY1LTgyMTYtZmUxN2M3NmQ2NWJhXkEyXkFqcGdeQXVyMTQxNzMzNDI@._V1_SX300.jpg,1998-01-09,8.3,"Will Hunting, a janitor at M.I.T., has a gift for mathematics, but needs help from a psychologist to find direction in his life.",1,Drama,Gus Van Sant
87,tt0111247,The Treasure of the Sierra Madre,APPROVED,https://images-na.ssl-images-amazon.com/images/M/MV5BMTQ4MzUzOTYwOV5BMl5BanBnXkFtZTgwNDA4MzgyMjE@._V1_SX300.jpg,1948-01-24,8.3,"Fred Dobbs and Bob Curtin, two Americans searching for work in Mexico, convince an old prospector to help them mine for gold in the Sierra Madre Mountains.",1,"Adventure, Drama, Western",John Huston
88,tt0111248,Indiana Jones and the Last Crusade,PG-13,https://images-na.ssl-images-amazon.com/images/M/MV5BMjNkMzc2N2QtNjVlNS00ZTk5LTg0MTgtODY2MDAwNTMwZjBjXkEyXkFqcGdeQXVyNDk3NzU2MTQ@._V1_SX300.jpg,1989-05-24,8.3,"When Dr. Henry Jones Sr. suddenly goes missing while pursuing the Holy Grail, eminent archaeologist Indiana Jones must follow in his father's footsteps to stop the Nazis from getting their hands on the Holy Grail first.",9,"Action, Adventure, Fantasy",Steven Spielberg
89,tt0111249,Some Like It Hot,NOT RATED,https://images-na.ssl-images-amazon.com/images/M/MV5BNzAyOGIxYjAtMGY2NC00ZTgyLWIwMWEtYzY0OWQ4NDFjOTc5XkEyXkFqcGdeQXVyNjU0OTQ0OTY@._V1_SX300.jpg,1959-04-14,8.3,"When two male musicians witness a mob hit, they flee the state in an all-female band disguised as women, but further complications set in.",11,"Comedy, Romance",Billy Wilder
90,tt0111250,Batman Begins,PG-13,https://images-na.ssl-images-amazon.com/images/M/MV5BNTM3OTc0MzM2OV5BMl5BanBnXkFtZTYwNzUwMTI3._V1_SX300.jpg,2005-06-15,8.3,"After training with his mentor, Batman begins his fight to free crime-ridden Gotham City from the corruption that Scarecrow and the League of Shadows have cast upon it.",7,"Action, Adventure",Christopher Nolan
91,tt0111251,Up,PG,https://images-na.ssl-images-amazon.com/images/M/MV5BMTk3NDE2NzI4NF5BMl5BanBnXkFtZTgwNzE1MzEyMTE@._V1_SX300.jpg,2009-05-29,8.3,"Seventy-eight year old Carl Fredricksen travels to Paradise Falls in his home equipped with balloons, inadvertently taking a young stowaway.",1,"Animation, Adventure, Comedy","Pete Docter, Bob Peterson"
92,tt0111252,The Third Man,APPROVED,https://images-na.ssl-images-amazon.com/images/M/MV5BZjQxYmRkMjgtMmZkZi00ZDYyLTk5OTktZWZjZTEzNGZlMWEwXkEyXkFqcGdeQXVyNDYyMDk5MTU@._V1_SX300.jpg,1949-08-31,8.3,"Pulp novelist Holly Martins travels to shadowy, postwar Vienna, only to find himself investigating the mysterious death of an old friend, Harry Lime.",9,"Film-Noir, Mystery, Thriller",Carol Reed
93,tt0111253,Unforgiven,R,https://images-na.ssl-images-amazon.com/images/M/MV5BODM3YWY4NmQtN2Y3Ni00OTg0LWFhZGQtZWE3ZWY4MTJlOWU4XkEyXkFqcGdeQXVyNjU0OTQ0OTY@._V1_SX300.jpg,1992-08-07,8.2,"Retired Old West gunslinger William Munny reluctantly takes on one last job, with the help of his old partner and a young man.",9,"Drama, Western",Clint Eastwood
94,tt0111254,Judgment at Nuremberg,NOT RATED,https://images-na.ssl-images-amazon.com/images/M/MV5BNDc2ODQ5NTE2MV5BMl5BanBnXkFtZTcwODExMjUyNA@@._V1_SX300.jpg,1961-12-18,8.3,"In 1948, an American court in occupied Germany tries four Nazi judges for war crimes.",1,"Drama, War",Stanley Kramer
95,tt0111255,Raging Bull,R,https://images-na.ssl-images-amazon.com/images/M/MV5BNDg1YTFlMDgtNzNhNy00ODhlLWFhMTAtOTE5MjhjNzI0NDljXkEyXkFqcGdeQXVyNjc1NTYyMjg@._V1_SX300.jpg,1980-12-19,8.2,"An emotionally self-destructive boxer's journey through life, as the violence and temper that leads him to the top in the ring destroys his life outside it.",6,"Biography, Drama, Sport",Martin Scorsese
96,tt0111256,The Great Escape,APPROVED,https://images-na.ssl-images-amazon.com/images/M/MV5BMjI2MTQwNDI3Nl5BMl5BanBnXkFtZTcwNDk4MTkzNA@@._V1_SX300.jpg,1963-07-04,8.2,Allied prisoners of war plan for several hundred of their number to escape from a German camp during World War II.,6,"Adventure, Drama, History",John Sturges
97,tt0111257,Heat,R,https://images-na.ssl-images-amazon.com/images/M/MV5BNGMwNzUwNjYtZWM5NS00YzMyLWI4NjAtNjM0ZDBiMzE1YWExXkEyXkFqcGdeQXVyNDk3NzU2MTQ@._V1_SX300.jpg,1995-12-15,8.2,"A group of professional bank robbers start to feel the heat from police when they unknowingly leave a clue at their latest heist, while both sides attempt to find balance between their personal lives with their professional lives.",1,"Action, Crime, Drama",Michael Mann
98,tt0111258,Die Hard,R,https://images-na.ssl-images-amazon.com/images/M/MV5BYmY2ZGEwMTYtNjBmZS00OGE4LWEyMmUtNjAwMWUxZjVmZTRiXkEyXkFqcGdeQXVyNjU0OTQ0OTY@._V1_SX300.jpg,1988-07-20,8.2,"John McClane, officer of the NYPD, tries to save his wife Holly Gennaro and several others that were taken hostage by German terrorist Hans Gruber during a Christmas party at the Nakatomi Plaza in Los Angeles.",7,"Action, Thriller",John McTiernan
99,tt0111259,The Gold Rush,NOT RATED,https://images-na.ssl-images-amazon.com/images/M/MV5BZjEyOTE4MzMtNmMzMy00Mzc3LWJlOTQtOGJiNDE0ZmJiOTU4L2ltYWdlXkEyXkFqcGdeQXVyNTAyODkwOQ@@._V1_SX300.jpg,1900-01-01,8.2,A prospector goes to the Klondike in search of gold and finds it and more.,9,"Adventure, Comedy, Drama",Charles Chaplin
100,tt0111260,Chinatown,R,https://images-na.ssl-images-amazon.com/images/M/MV5BYWRkNGJhMmEtMWM3Ni00MDc3LThhMTQtMWI2OTMxYmE5MTZhXkEyXkFqcGdeQXVyNTAyODkwOQ@@._V1_SX300.jpg,1974-06-20,8.2,"A private detective hired to expose an adulterer finds himself caught up in a web of deceit, corruption, and murder.",1,"Drama, Mystery, Thriller",Roman Polanski
101,tt0111261,On the Waterfront,APPROVED,https://images-na.ssl-images-amazon.com/images/M/MV5BMjFiZDg3MDgtOTdiNC00ZGFiLWIyN2ItNDhkNGI5ZThkOTE3XkEyXkFqcGdeQXVyNjc1NTYyMjg@._V1_SX300.jpg,1954-06-22,8.2,An ex-prize fighter turned longshoreman struggles to stand up to his corrupt union bosses.,7,"Crime, Drama, Thriller",Elia Kazan
102,tt0111262,Mr. Smith Goes to Washington,NOT RATED,https://images-na.ssl-images-amazon.com/images/M/MV5BZTYwYjYxYzgtMDE1Ni00NzU4LWJlMTEtODQ5YmJmMGJhZjI5L2ltYWdlXkEyXkFqcGdeQXVyMDI2NDg0NQ@@._V1_SX300.jpg,1939-10-19,8.2,"A naive man is appointed to fill a vacancy in the United States Senate. His plans promptly collide with political corruption, but he doesn't back down.",8,"Comedy, Drama",Frank Capra
103,tt0111263,The General,UNRATED,https://images-na.ssl-images-amazon.com/images/M/MV5BODQxMzMyNTY5Nl5BMl5BanBnXkFtZTcwMDMyNTk3OA@@._V1_SX300.jpg,1927-02-24,8.2,"When Union spies steal an engineer's beloved locomotive, he pursues it single-handedly and straight through enemy lines.",10,"Action, Adventure, Comedy","Clyde Bruckman, Buster Keaton"
104,tt0111264,Inside Out,PG,https://images-na.ssl-images-amazon.com/images/M/MV5BOTgxMDQwMDk0OF5BMl5BanBnXkFtZTgwNjU5OTg2NDE@._V1_SX300.jpg,2015-06-19,8.2,"After young Riley is uprooted from her Midwest life and moved to San Francisco, her emotions - Joy, Fear, Anger, Disgust and Sadness - conflict on how best to navigate a new city, house, and school.",6,"Animation, Adventure, Comedy","Pete Docter, Ronnie Del Carmen"
105,tt0111265,The Bridge on the River Kwai,PG,https://images-na.ssl-images-amazon.com/images/M/MV5BZTZmNjgyZmUtOTI2MC00MDI4LWJjOTgtNjc2YTc4YTk0ZWJjL2ltYWdlL2ltYWdlXkEyXkFqcGdeQXVyNjc1NTYyMjg@._V1_SX300.jpg,1957-12-14,8.2,"After settling his differences with a Japanese PoW camp commander, a British colonel co-operates to oversee his men's construction of a railway bridge for their captors - while oblivious to a plan by the Allies to destroy it.",1,"Adventure, Drama, War",David Lean
106,tt0111266,Room,R,https://images-na.ssl-images-amazon.com/images/M/MV5BMjE4NzgzNzEwMl5BMl5BanBnXkFtZTgwMTMzMDE0NjE@._V1_SX300.jpg,2016-01-22,8.2,A young boy is raised within the confines of a small shed.,10,Drama,Lenny Abrahamson
107,tt0111267,La La Land,PG-13,https://images-na.ssl-images-amazon.com/images/M/MV5BMzUzNDM2NzM2MV5BMl5BanBnXkFtZTgwNTM3NTg4OTE@._V1_SX300.jpg,2016-12-25,8.2,A jazz pianist falls for an aspiring actress in Los Angeles.,12,"Comedy, Drama, Music",Damien Chazelle
108,tt0111268,Logan,R,https://images-na.ssl-images-amazon.com/images/M/MV5BMjQwODQwNTg4OV5BMl5BanBnXkFtZTgwMTk4MTAzMjI@._V1_SX300.jpg,2017-03-03,8.3,"In the near future, a weary Logan cares for an ailing Professor X somewhere on the Mexican border. However, Logan's attempts to hide from the world and his legacy are upended when a young mutant arrives, pursued by dark forces.",8,"Action, Drama, Sci-Fi",James Mangold
109,tt0111269,Blade Runner,R,https://images-na.ssl-images-amazon.com/images/M/MV5BNzQzMzJhZTEtOWM4NS00MTdhLTg0YjgtMjM4MDRkZjUwZDBlXkEyXkFqcGdeQXVyNjU0OTQ0OTY@._V1_SX300.jpg,1982-06-25,8.2,A blade runner must pursue and try to terminate four replicants who stole a ship in space and have returned to Earth to find their creator.,6,"Sci-Fi, Thriller",Ridley Scott
110,tt0111270,"Lock, Stock and Two Smoking Barrels",R,https://images-na.ssl-images-amazon.com/images/M/MV5BMTAyN2JmZmEtNjAyMy00NzYwLThmY2MtYWQ3OGNhNjExMmM4XkEyXkFqcGdeQXVyNDk3NzU2MTQ@._V1_SX300.jpg,1998-08-28,8.2,"A botched card game in London triggers four friends, thugs, weed-growers, hard gangsters, loan sharks and debt collectors to collide with each other in a series of unexpected events, all for the sake of weed, cash and two antique shotguns.",10,"Comedy, Crime",Guy Ritchie
111,tt0111271,Casino,R,https://images-na.ssl-images-amazon.com/images/M/MV5BMTcxOWYzNDYtYmM4YS00N2NkLTk0NTAtNjg1ODgwZjAxYzI3XkEyXkFqcGdeQXVyNTA4NzY1MzY@._V1_SX300.jpg,1995-11-22,8.2,"Greed, deception, money, power, and murder occur between two best friends: a mafia underboss and a casino owner, for a trophy wife over a gambling empire.",10,"Crime, Drama",Martin Scorsese
112,tt0111272,A Beautiful Mind,PG-13,https://images-na.ssl-images-amazon.com/images/M/MV5BMzcwYWFkYzktZjAzNC00OGY1LWI4YTgtNzc5MzVjMDVmNjY0XkEyXkFqcGdeQXVyMTQxNzMzNDI@._V1_SX300.jpg,2002-01-04,8.2,"After John Nash, a brilliant but asocial mathematician, accepts secret work in cryptography, his life takes a turn for the nightmarish.",6,"Biography, Drama",Ron Howard
113,tt0111273,The Elephant Man,PG,https://images-na.ssl-images-amazon.com/images/M/MV5BMDVjNjIwOGItNDE3Ny00OThjLWE0NzQtZTU3YjMzZTZjMzhkXkEyXkFqcGdeQXVyMTQxNzMzNDI@._V1_SX300.jpg,1980-10-10,8.2,"A Victorian surgeon rescues a heavily disfigured man who is mistreated while scraping a living as a side-show freak. Behind his monstrous facade, there is revealed a person of intelligence and sensitivity.",7,"Biography, Drama",David Lynch
114,tt0111274,Warrior,PG-13,https://images-na.ssl-images-amazon.com/images/M/MV5BMTk4ODk5MTMyNV5BMl5BanBnXkFtZTcwMDMyNTg0Ng@@._V1_SX300.jpg,2011-09-09,8.2,"The youngest son of an alcoholic former boxer returns home, where he's trained by his father for competition in a mixed martial arts tournament - a path that puts the fighter on a collision course with his estranged, older brother.",7,"Action, Drama, Sport",Gavin O'Connor
115,tt0111275,V for Vendetta,R,https://images-na.ssl-images-amazon.com/images/M/MV5BYzllMjJkODAtYjMwMi00YmNhLWFhYzAtZjZjODg5YzEwOGUwXkEyXkFqcGdeQXVyNjU0OTQ0OTY@._V1_SX300.jpg,2006-03-17,8.2,"In a future British tyranny, a shadowy freedom fighter, known only by the alias of ""V"", plots to overthrow it with the help of a young woman.",6,"Action, Drama, Thriller",James McTeigue
116,tt0111276,The Wolf of Wall Street,R,https://images-na.ssl-images-amazon.com/images/M/MV5BMjIxMjgxNTk0MF5BMl5BanBnXkFtZTgwNjIyOTg2MDE@._V1_SX300.jpg,2013-12-25,8.2,"Based on the true story of Jordan Belfort, from his rise to a wealthy stock-broker living the high life to his fall involving crime, corruption and the federal government.",8,"Biography, Comedy, Crime",Martin Scorsese
117,tt0111277,Dial M for Murder,PG,https://images-na.ssl-images-amazon.com/images/M/MV5BOWIwODIxYWItZDI4MS00YzhhLWE3MmYtMzlhZDIwOTMzZmE5L2ltYWdlXkEyXkFqcGdeQXVyNjc1NTYyMjg@._V1_SX300.jpg,1954-05-29,8.2,"An ex-tennis pro carries out a plot to murder his wife. When things go wrong, he improvises a brilliant plan B.",10,"Crime, Film-Noir, Thriller",Alfred Hitchcock
118,tt0111278,Hacksaw Ridge,R,https://images-na.ssl-images-amazon.com/images/M/MV5BMjQ1NjM3MTUxNV5BMl5BanBnXkFtZTgwMDc5MTY5OTE@._V1_SX300.jpg,2016-11-04,8.2,"WWII American Army Medic Desmond T. Doss, who served during the Battle of Okinawa, refuses to kill people, and becomes the first man in American history to receive the Medal of Honor without firing a shot.",6,"Biography, Drama, History",Mel Gibson
119,tt0111279,Gone with the Wind,G,https://images-na.ssl-images-amazon.com/images/M/MV5BYWQwOWVkMGItMDU2Yy00YjIzLWJkMjEtNmVkZjE3MjMwYzEzXkEyXkFqcGdeQXVyNjU0OTQ0OTY@._V1_SX300.jpg,1940-01-17,8.2,A manipulative woman and a roguish man conduct a turbulent romance during the American Civil War and Reconstruction periods.,8,"Drama, History, Romance","Victor Fleming, George Cukor, Sam Wood"
120,tt0111280,The Message,PG,https://images-na.ssl-images-amazon.com/images/M/MV5BMjk3YjJmYTctMTAzZC00MzE4LWFlZGMtNDM5OTMyMDEzZWIxXkEyXkFqcGdeQXVyNTI4MjkwNjA@._V1_SX300.jpg,1977-07-08,8.3,"In the 7th century, Mohammed, Peace Be Upon Him, is visited by Angel Gabriel who urges him to lead the people of Mecca and worship God. But they're exiled in Medina before returning to ...",9,"Adventure, Biography, Drama",Moustapha Akkad
121,tt0111281,Rebecca,APPROVED,https://images-na.ssl-images-amazon.com/images/M/MV5BYTcxYWExOTMtMWFmYy00ZjgzLWI0YjktNWEzYzJkZTg0NDdmL2ltYWdlXkEyXkFqcGdeQXVyNjc1NTYyMjg@._V1_SX300.jpg,1940-04-12,8.2,A self-conscious bride is tormented by the memory of her husband's dead first wife.,11,"Drama, Mystery, Romance",Alfred Hitchcock
122,tt0111282,Trainspotting,R,https://images-na.ssl-images-amazon.com/images/M/MV5BMzA5Zjc3ZTMtMmU5YS00YTMwLWI4MWUtYTU0YTVmNjVmODZhXkEyXkFqcGdeQXVyNjU0OTQ0OTY@._V1_SX300.jpg,1996-08-09,8.2,"Renton, deeply immersed in the Edinburgh drug scene, tries to clean up and get out, despite the allure of the drugs and influence of friends.",7,Drama,Danny Boyle
123,tt0111283,The Deer Hunter,R,https://images-na.ssl-images-amazon.com/images/M/MV5BNjMxZWIyYzQtNjYzNy00NTk1LTg3ZDEtZDRmZmMxYmY4YmVjXkEyXkFqcGdeQXVyNjU0OTQ0OTY@._V1_SX300.jpg,1979-02-23,8.2,An in-depth examination of the ways in which the U.S. Vietnam War impacts and disrupts the lives of people in a small industrial town in Pennsylvania.,6,"Drama, War",Michael Cimino
124,tt0111284,Cool Hand Luke,PG,https://images-na.ssl-images-amazon.com/images/M/MV5BOWFlNzZhYmYtYTI5YS00MDQyLWIyNTUtNTRjMWUwNTEzNjA0XkEyXkFqcGdeQXVyNjUwNzk3NDc@._V1_SX300.jpg,1967-11-01,8.2,A man refuses to conform to life in a rural prison.,11,"Crime, Drama",Stuart Rosenberg
125,tt0111285,Gran Torino,R,https://images-na.ssl-images-amazon.com/images/M/MV5BMTQyMTczMTAxMl5BMl5BanBnXkFtZTcwOTc1ODE0Mg@@._V1_SX300.jpg,2009-01-09,8.2,"Disgruntled Korean War veteran Walt Kowalski sets out to reform his neighbor, a Hmong teenager who tried to steal Kowalski's prized possession: a 1972 Gran Torino.",13,Drama,Clint Eastwood
126,tt0111286,The Big Lebowski,R,https://images-na.ssl-images-amazon.com/images/M/MV5BZTFjMjBiYzItNzU5YS00MjdiLWJkOTktNDQ3MTE3ZjY2YTY5XkEyXkFqcGdeQXVyNDk3NzU2MTQ@._V1_SX300.jpg,1998-03-06,8.2,"""The Dude"" Lebowski, mistaken for a millionaire Lebowski, seeks restitution for his ruined rug and enlists his bowling buddies to help get it.",9,"Comedy, Crime","Joel Coen, Ethan Coen"
127,tt0111287,The Thing,R,https://images-na.ssl-images-amazon.com/images/M/MV5BNDcyZmFjY2YtN2I1OC00MzU3LWIzZGEtZDA5N2VlNDJjYWI3L2ltYWdlXkEyXkFqcGdeQXVyNTAyODkwOQ@@._V1_SX300.jpg,1982-06-25,8.2,A research facility in Antarctica comes across an alien force that can become anything it touches with 100% accuracy. The members must now find out who's human and who's not before it's too late.,7,"Horror, Mystery, Sci-Fi",John Carpenter
128,tt0111288,It Happened One Night,UNRATED,https://images-na.ssl-images-amazon.com/images/M/MV5BZmViYmM5OTYtNGQ4Ny00YjQyLThiNjEtYTE4MGZhZTNmZjcyL2ltYWdlL2ltYWdlXkEyXkFqcGdeQXVyNjU0OTQ0OTY@._V1_SX300.jpg,1934-02-22,8.2,A spoiled heiress running away from her family is helped by a man who is actually a reporter in need of a story.,11,"Comedy, Romance",Frank Capra
129,tt0111289,Fargo,R,https://images-na.ssl-images-amazon.com/images/M/MV5BMTgxNzY3MzUxOV5BMl5BanBnXkFtZTcwMDA0NjMyNA@@._V1_SX300.jpg,1996-04-05,8.1,Jerry Lundegaard's inept crime falls apart due to his and his henchmen's bungling and the persistent police work of the quite pregnant Marge Gunderson.,11,"Crime, Drama, Thriller","Joel Coen, Ethan Coen"
130,tt0111290,The Sixth Sense,PG-13,https://images-na.ssl-images-amazon.com/images/M/MV5BMWM4NTFhYjctNzUyNi00NGMwLTk3NTYtMDIyNTZmMzRlYmQyXkEyXkFqcGdeQXVyMTAwMzUyOTc@._V1_SX300.jpg,1999-08-06,8.1,A boy who communicates with spirits that don't know they're dead seeks the help of a disheartened child psychologist.,7,"Drama, Mystery, Thriller",M. Night Shyamalan
131,tt0111291,Finding Nemo,G,https://images-na.ssl-images-amazon.com/images/M/MV5BZTAzNWZlNmUtZDEzYi00ZjA5LWIwYjEtZGM1NWE1MjE4YWRhXkEyXkFqcGdeQXVyNjU0OTQ0OTY@._V1_SX300.jpg,2003-05-30,8.1,"After his son is captured in the Great Barrier Reef and taken to Sydney, a timid clownfish sets out on a journey to bring him home.",8,"Animation, Adventure, Comedy","Andrew Stanton, Lee Unkrich"
132,tt0111292,Mary and Max,NOT RATED,https://images-na.ssl-images-amazon.com/images/M/MV5BMDgzYjQwMDMtNGUzYi00MTRmLWIyMGMtNjE1OGZkNzY2YWIzL2ltYWdlXkEyXkFqcGdeQXVyNjU0OTQ0OTY@._V1_SX300.jpg,2009-04-09,8.2,"A tale of friendship between two unlikely pen pals: Mary, a lonely, eight-year-old girl living in the suburbs of Melbourne, and Max, a forty-four-year old, severely obese man living in New York.",8,"Animation, Comedy, Drama",Adam Elliot
133,tt0111293,No Country for Old Men,R,https://images-na.ssl-images-amazon.com/images/M/MV5BMjA5Njk3MjM4OV5BMl5BanBnXkFtZTcwMTc5MTE1MQ@@._V1_SX300.jpg,2007-11-21,8.1,Violence and mayhem ensue after a hunter stumbles upon a drug deal gone wrong and more than two million dollars in cash near the Rio Grande.,7,"Crime, Drama, Thriller","Ethan Coen, Joel Coen"
134,tt0111294,How to Train Your Dragon,PG,https://images-na.ssl-images-amazon.com/images/M/MV5BMjA5NDQyMjc2NF5BMl5BanBnXkFtZTcwMjg5ODcyMw@@._V1_SX300.jpg,2010-03-26,8.1,"A hapless young Viking who aspires to hunt dragons becomes the unlikely friend of a young dragon himself, and learns there may be more to the creatures than he assumed.",9,"Animation, Action, Adventure","Dean DeBlois, Chris Sanders"
135,tt0111295,There Will Be Blood,R,https://images-na.ssl-images-amazon.com/images/M/MV5BMjAxODQ4MDU5NV5BMl5BanBnXkFtZTcwMDU4MjU1MQ@@._V1_SX300.jpg,2008-01-25,8.1,"A story of family, religion, hatred, oil and madness, focusing on a turn-of-the-century prospector in the early days of the business.",11,"Drama, History",Paul Thomas Anderson
136,tt0111296,Into the Wild,R,https://images-na.ssl-images-amazon.com/images/M/MV5BMTAwNDEyODU1MjheQTJeQWpwZ15BbWU2MDc3NDQwNw@@._V1_SX300.jpg,2007-10-19,8.1,"After graduating from Emory University, top student and athlete Christopher McCandless abandons his possessions, gives his entire $24,000 savings account to charity and hitchhikes to Alaska to live in the wilderness. Along the way, Christopher encounters a series of characters that shape his life.",7,"Adventure, Biography, Drama",Sean Penn
137,tt0111297,Kill Bill: Vol. 1,R,https://images-na.ssl-images-amazon.com/images/M/MV5BMTU1NDg1Mzg4M15BMl5BanBnXkFtZTYwMDExOTc3._V1_SX300.jpg,2003-10-10,8.1,The Bride wakens from a four-year coma. The child she carried in her womb is gone. Now she must wreak vengeance on the team of assassins who betrayed her - a team she was once part of.,9,"Action, Crime, Thriller",Quentin Tarantino
138,tt0111298,Gone Girl,R,https://images-na.ssl-images-amazon.com/images/M/MV5BMTk0MDQ3MzAzOV5BMl5BanBnXkFtZTgwNzU1NzE3MjE@._V1_SX300.jpg,2014-10-03,8.1,"With his wife's disappearance having become the focus of an intense media circus, a man sees the spotlight turned on him when it's suspected that he may not be innocent.",10,"Crime, Drama, Mystery",David Fincher
139,tt0111299,Life of Brian,R,https://images-na.ssl-images-amazon.com/images/M/MV5BMzAwNjU1OTktYjY3Mi00NDY5LWFlZWUtZjhjNGE0OTkwZDkwXkEyXkFqcGdeQXVyMTQxNzMzNDI@._V1_SX300.jpg,1979-08-17,8.1,"Brian is born on the original Christmas, in the stable next door. He spends his life being mistaken for a messiah.",12,Comedy,Terry Jones
140,tt0111300,Network,R,https://images-na.ssl-images-amazon.com/images/M/MV5BYTc3NjcyYmYtMTI4OC00OGViLTkwYzQtZWU2MGMwMTI5ZTU4XkEyXkFqcGdeQXVyNTc1NTQxODI@._V1_SX300.jpg,1976-11-27,8.1,A television network cynically exploits a deranged former anchor's ravings and revelations about the news media for its own profit.,8,Drama,Sidney Lumet
141,tt0111301,Shutter Island,R,https://images-na.ssl-images-amazon.com/images/M/MV5BY2NkNTcxNjAtODhjMS00Mjg2LWI1OGItMjRhMGJlODBkZTVlL2ltYWdlL2ltYWdlXkEyXkFqcGdeQXVyNzAxMjE1NDg@._V1_SX300.jpg,2010-02-19,8.1,"In 1954, a U.S. marshal investigates the disappearance of a murderess who escaped from a hospital for the criminally insane.",7,"Mystery, Thriller",Martin Scorsese
142,tt0111302,In the Name of the Father,R,https://images-na.ssl-images-amazon.com/images/M/MV5BMWQ0ZGU3NDUtYjRkNS00Yzg4LTgxMTItMjExYjg3ZjgyMGRkXkEyXkFqcGdeQXVyNjU0OTQ0OTY@._V1_SX300.jpg,1994-02-25,8.1,A man's coerced confession to an IRA bombing he did not commit results in the imprisonment of his father as well. An English lawyer fights to free them.,12,"Biography, Drama",Jim Sheridan
143,tt0111303,Rush,R,https://images-na.ssl-images-amazon.com/images/M/MV5BOWEwODJmZDItYTNmZC00OGM4LThlNDktOTQzZjIzMGQxODA4XkEyXkFqcGdeQXVyNjU0OTQ0OTY@._V1_SX300.jpg,2013-09-27,8.1,The merciless 1970s rivalry between Formula One rivals James Hunt and Niki Lauda.,14,"Action, Biography, Drama",Ron Howard
144,tt0111304,Hotel Rwanda,PG-13,https://images-na.ssl-images-amazon.com/images/M/MV5BMTI2MzQyNTc1M15BMl5BanBnXkFtZTYwMjExNjc3._V1_SX300.jpg,2005-02-04,8.1,Paul Rusesabagina was a hotel manager who housed over a thousand Tutsi refugees during their struggle against the Hutu militia in Rwanda.,10,"Biography, Drama, History",Terry George
145,tt0111305,Platoon,R,https://images-na.ssl-images-amazon.com/images/M/MV5BZmJlOTE1ZTgtODdmNC00NmZhLThlZDYtNTllMmIyOTIwN2EwL2ltYWdlL2ltYWdlXkEyXkFqcGdeQXVyMTQxNzMzNDI@._V1_SX300.jpg,1987-02-06,8.1,A young recruit in Vietnam faces a moral crisis when confronted with the horrors of war and the duality of man.,8,"Drama, War",Oliver Stone
146,tt0111306,Song of the Sea,PG,https://images-na.ssl-images-amazon.com/images/M/MV5BNGEyYjE3NmItOGY1OS00ZTQ0LWI3YzQtNjZiYmQzMTFiNTk4XkEyXkFqcGdeQXVyNjU0OTQ0OTY@._V1_SX300.jpg,2014-12-10,8.1,"Ben, a young Irish boy, and his little sister Saoirse, a girl who can turn into a seal, go on an adventure to free the fairies and save the spirit world.",12,"Animation, Adventure, Family",Tomm Moore
147,tt0111307,Ben-Hur,G,https://images-na.ssl-images-amazon.com/images/M/MV5BNjgxY2JiZDYtZmMwOC00ZmJjLWJmODUtMTNmNWNmYWI5ODkwL2ltYWdlL2ltYWdlXkEyXkFqcGdeQXVyNjc1NTYyMjg@._V1_SX300.jpg,1960-01-29,8.1,"When a Jewish prince is betrayed and sent into slavery by a Roman friend, he regains his freedom and comes back for revenge.",12,"Adventure, Drama, History",William Wyler
148,tt0111308,Stand by Me,R,https://images-na.ssl-images-amazon.com/images/M/MV5BMjIxODliZDYtMGMyYy00ZDQzLTgzOTMtMWY5YWEyNTBhNzk5L2ltYWdlL2ltYWdlXkEyXkFqcGdeQXVyMTQxNzMzNDI@._V1_SX300.jpg,1986-08-22,8.1,"After the death of a friend, a writer recounts a boyhood journey to find the body of a missing boy.",8,"Adventure, Drama",Rob Reiner
149,tt0111309,Hachi: A Dog's Tale,G,https://images-na.ssl-images-amazon.com/images/M/MV5BYTNhZDFkN2ItMmZjNy00ODUwLTk1Y2MtMDZhYTA2N2MyNDU5XkEyXkFqcGdeQXVyMTMxODk2OTU@._V1_SX300.jpg,2010-03-12,8.1,A college professor's bond with the abandoned dog he takes into his home.,9,"Drama, Family",Lasse Hallström
150,tt0111310,Kind Hearts and Coronets,APPROVED,https://images-na.ssl-images-amazon.com/images/M/MV5BNjI5N2Y4YWEtYThmOC00ODA0LTlhMGYtNmE3MmVmNjNhYWQyXkEyXkFqcGdeQXVyMDI2NDg0NQ@@._V1_SX300.jpg,1950-06-14,8.1,A distant poor relative of the Duke of D'Ascoyne plots to inherit the title by murdering the eight other heirs who stand ahead of him in the line of succession.,9,"Comedy, Crime",Robert Hamer
151,tt0111311,The Maltese Falcon,APPROVED,https://images-na.ssl-images-amazon.com/images/M/MV5BMTc4MDEzOTMwMl5BMl5BanBnXkFtZTgwMTc2NjgyMjE@._V1_SX300.jpg,1941-10-18,8.1,"A private detective takes on a case that involves him with three eccentric criminals, a gorgeous liar, and their quest for a priceless statuette.",8,"Film-Noir, Mystery",John Huston
152,tt0111312,Butch Cassidy and the Sundance Kid,PG,https://images-na.ssl-images-amazon.com/images/M/MV5BMTkyMTM2NDk5Nl5BMl5BanBnXkFtZTgwNzY1NzEyMDE@._V1_SX300.jpg,1969-10-24,8.1,Two Western bank/train robbers flee to Bolivia when the law gets too close.,10,"Biography, Crime, Drama",George Roy Hill
153,tt0111313,The Legend of 1900,R,https://images-na.ssl-images-amazon.com/images/M/MV5BMTA3MTcxNjE0NzNeQTJeQWpwZ15BbWU4MDc3NjUxNDAx._V1_SX300.jpg,1998-10-28,8.1,"A baby boy, discovered in 1900 on an ocean liner, grows into a musical prodigy, never setting foot on land.",12,"Drama, Music, Romance",Giuseppe Tornatore
154,tt0111314,Spotlight,R,https://images-na.ssl-images-amazon.com/images/M/MV5BMjIyOTM5OTIzNV5BMl5BanBnXkFtZTgwMDkzODE2NjE@._V1_SX300.jpg,2015-11-20,8.1,"The true story of how the Boston Globe uncovered the massive scandal of child molestation and cover-up within the local Catholic Archdiocese, shaking the entire Catholic Church to its core.",8,"Crime, Drama, History",Tom McCarthy
155,tt0111315,Brief Encounter,NOT RATED,https://images-na.ssl-images-amazon.com/images/M/MV5BYWQ0MGNjOTYtMWJlNi00YWMxLWFmMzktYjAyNTVkY2U1NWNhL2ltYWdlL2ltYWdlXkEyXkFqcGdeQXVyNjc1NTYyMjg@._V1_SX300.jpg,1946-08-24,8.1,"Meeting a stranger in a railway station, a woman is tempted to cheat on her husband.",10,"Drama, Romance",David Lean
156,tt0111316,The Best Years of Our Lives,PASSED,https://images-na.ssl-images-amazon.com/images/M/MV5BY2RmNTRjYzctODI4Ni00MzQyLWEyNTAtNjU0N2JkMTNhNjJkXkEyXkFqcGdeQXVyNjU0OTQ0OTY@._V1_SX300.jpg,1947-06-17,8.1,Three World War II veterans return home to small-town America to discover that they and their families have been irreparably changed.,11,"Drama, Romance, War",William Wyler
157,tt0111317,The Grapes of Wrath,APPROVED,https://images-na.ssl-images-amazon.com/images/M/MV5BNzJiOGI2MjctYjUyMS00ZjkzLWE2ZmUtOTg4NTZkOTNhZDc1L2ltYWdlXkEyXkFqcGdeQXVyNjc1NTYyMjg@._V1_SX300.jpg,1940-03-15,8.1,"A poor Midwest family is forced off their land. They travel to California, suffering the misfortunes of the homeless in the Great Depression.",13,"Drama, History",John Ford
158,tt0111318,12 Years a Slave,R,https://images-na.ssl-images-amazon.com/images/M/MV5BMjExMTEzODkyN15BMl5BanBnXkFtZTcwNTU4NTc4OQ@@._V1_SX300.jpg,2013-11-08,8.1,"In the antebellum United States, Solomon Northup, a free black man from upstate New York, is abducted and sold into slavery.",9,"Biography, Drama, History",Steve McQueen
159,tt0111319,The Grand Budapest Hotel,R,https://images-na.ssl-images-amazon.com/images/M/MV5BMzM5NjUxOTEyMl5BMl5BanBnXkFtZTgwNjEyMDM0MDE@._V1_SX300.jpg,2014-03-28,8.1,"The adventures of Gustave H, a legendary concierge at a famous hotel from the fictional Republic of Zubrowka between the first and second World Wars, and Zero Moustafa, the lobby boy who becomes his most trusted friend.",8,"Adventure, Comedy, Drama",Wes Anderson
160,tt0111320,Mad Max: Fury Road,R,https://images-na.ssl-images-amazon.com/images/M/MV5BMTUyMTE0ODcxNF5BMl5BanBnXkFtZTgwODE4NDQzNTE@._V1_SX300.jpg,2015-05-15,8.1,"A woman rebels against a tyrannical ruler in postapocalyptic Australia in search for her home-land with the help of a group of female prisoners, a psychotic worshipper, and a drifter named Max.",13,"Action, Adventure, Sci-Fi",George Miller
161,tt0111321,The Princess Bride,PG,https://images-na.ssl-images-amazon.com/images/M/MV5BMGM4M2Q5N2MtNThkZS00NTc1LTk1NTItNWEyZjJjNDRmNDk5XkEyXkFqcGdeQXVyMjA0MDQ0Mjc@._V1_SX300.jpg,1987-10-09,8.1,"While home sick in bed, a young boy's grandfather reads him a story called The Princess Bride.",15,"Adventure, Family, Fantasy",Rob Reiner
162,tt0111322,What Ever Happened to Baby Jane?,APPROVED,https://images-na.ssl-images-amazon.com/images/M/MV5BZmI0M2VmNTgtMWVhYS00Zjg1LTk1YTYtNmJmMjRkZmMwYTc2XkEyXkFqcGdeQXVyNTA4NzY1MzY@._V1_SX300.jpg,1900-01-01,8.1,A former child star torments her paraplegic sister in their decaying Hollywood mansion.,11,"Drama, Horror, Thriller",Robert Aldrich
163,tt0111323,Million Dollar Baby,PG-13,https://images-na.ssl-images-amazon.com/images/M/MV5BMTkxNzA1NDQxOV5BMl5BanBnXkFtZTcwNTkyMTIzMw@@._V1_SX300.jpg,2005-01-28,8.1,A determined woman works with a hardened boxing trainer to become a professional.,9,"Drama, Sport",Clint Eastwood
164,tt0111324,Jurassic Park,PG-13,https://images-na.ssl-images-amazon.com/images/M/MV5BMjM2MDgxMDg0Nl5BMl5BanBnXkFtZTgwNTM2OTM5NDE@._V1_SX300.jpg,1993-06-11,8.1,"During a preview tour, a theme park suffers a major power breakdown that allows its cloned dinosaur exhibits to run amok.",13,"Adventure, Sci-Fi, Thriller",Steven Spielberg
165,tt0111325,Touch of Evil,PG-13,https://images-na.ssl-images-amazon.com/images/M/MV5BMDFkMDEwM2MtOWY4MS00YWNhLTg5ZWItYzAxZTJlN2Y1NjBmXkEyXkFqcGdeQXVyNjc1NTYyMjg@._V1_SX300.jpg,1958-02-01,8.1,"A stark, perverse story of murder, kidnapping, and police corruption in a Mexican border town.",13,"Crime, Drama, Film-Noir",Orson Welles
166,tt0111326,Spider-Man: Homecoming,PG-13,https://images-na.ssl-images-amazon.com/images/M/MV5BNTk4ODQ1MzgzNl5BMl5BanBnXkFtZTgwMTMyMzM4MTI@._V1_SX300.jpg,2017-07-07,8.1,"Peter Parker, with the help of his mentor Tony Stark, tries to balance his life as an ordinary high school student in New York City while fighting crime as his superhero alter ego Spider-Man when a new threat emerges.",9,"Action, Adventure, Sci-Fi",Jon Watts
167,tt0111327,Before Sunrise,R,https://images-na.ssl-images-amazon.com/images/M/MV5BZDdiZTAwYzAtMDI3Ni00OTRjLTkzN2UtMGE3MDMyZmU4NTU4XkEyXkFqcGdeQXVyNjU0OTQ0OTY@._V1_SX300.jpg,1995-01-27,8.1,"A young man and woman meet on a train in Europe, and wind up spending one evening together in Vienna. Unfortunately, both know that this will probably be their only night together.",10,"Drama, Romance",Richard Linklater
168,tt0111328,The Truman Show,PG,https://images-na.ssl-images-amazon.com/images/M/MV5BMDIzODcyY2EtMmY2MC00ZWVlLTgwMzAtMjQwOWUyNmJjNTYyXkEyXkFqcGdeQXVyNDk3NzU2MTQ@._V1_SX300.jpg,1998-06-05,8.1,An insurance salesman/adjuster discovers his entire life is actually a television show.,10,"Comedy, Drama, Sci-Fi",Peter Weir
169,tt0111329,Harry Potter and the Deathly Hallows: Part 2,PG-13,https://images-na.ssl-images-amazon.com/images/M/MV5BMTY2MTk3MDQ1N15BMl5BanBnXkFtZTcwMzI4NzA2NQ@@._V1_SX300.jpg,2011-07-15,8.1,"Harry, Ron and Hermione search for Voldemort's remaining Horcruxes in their effort to destroy the Dark Lord as the final battle rages on at Hogwarts.",9,"Adventure, Drama, Fantasy",David Yates
170,tt0111330,Star Wars: The Force Awakens,PG-13,https://images-na.ssl-images-amazon.com/images/M/MV5BOTAzODEzNDAzMl5BMl5BanBnXkFtZTgwMDU1MTgzNzE@._V1_SX300.jpg,2015-12-18,8.1,"Three decades after the Empire's defeat, a new threat arises in the militant First Order. Stormtrooper defector Finn and spare parts scavenger Rey are caught up in the Resistance's search for the missing Luke Skywalker.",11,"Action, Adventure, Fantasy",J.J. Abrams
171,tt0111331,"Paris, Texas",R,https://images-na.ssl-images-amazon.com/images/M/MV5BM2RjMmU3ZWItYzBlMy00ZmJkLWE5YzgtNTVkODdhOWM3NGZhXkEyXkFqcGdeQXVyNDA5Mjg5MjA@._V1_SX300.jpg,1984-09-19,8.1,"Travis Henderson, an aimless drifter who has been missing for four years, wanders out of the desert and must reconnect with society, himself, his life, and his family.",13,Drama,Wim Wenders
172,tt0111332,The Last Picture Show,R,https://images-na.ssl-images-amazon.com/images/M/MV5BNmVjNzZkZjQtYmM5ZC00M2I0LWJhNzktNDk3MGU1NWMxMjFjXkEyXkFqcGdeQXVyNjc1NTYyMjg@._V1_SX300.jpg,1971-10-22,8.1,"In 1951, a group of high schoolers come of age in a bleak, isolated, atrophied West Texas town that is slowly dying, both culturally and economically.",9,Drama,Peter Bogdanovich
173,tt0111333,Gandhi,PG,https://images-na.ssl-images-amazon.com/images/M/MV5BMzJiZDRmOWUtYjE2MS00Mjc1LTg1ZDYtNTQxYWJkZTg1OTM4XkEyXkFqcGdeQXVyNjUwNzk3NDc@._V1_SX300.jpg,1983-02-25,8.1,"Gandhi's character is fully explained as a man of nonviolence. Through his patience, he is able to drive the British out of the subcontinent. And the stubborn nature of Jinnah and his commitment towards Pakistan is portrayed.",11,"Biography, Drama, History",Richard Attenborough
174,tt0111334,Barry Lyndon,PG,https://images-na.ssl-images-amazon.com/images/M/MV5BNmY0MWY2NDctZDdmMi00MjA1LTk0ZTQtZDMyZTQ1NTNlYzVjXkEyXkFqcGdeQXVyMjUzOTY1NTc@._V1_SX300.jpg,1975-12-18,8.1,An Irish rogue wins the heart of a rich widow and assumes her dead husband's aristocratic position in 18th-century England.,12,"Adventure, Drama, History",Stanley Kubrick
175,tt0111335,Rocky,PG,https://images-na.ssl-images-amazon.com/images/M/MV5BMTY5MDMzODUyOF5BMl5BanBnXkFtZTcwMTQ3NTMyNA@@._V1_SX300.jpg,1976-12-03,8.1,"Rocky Balboa, a small-time boxer, gets a supremely rare chance to fight heavy-weight champion Apollo Creed in a bout in which he strives to go the distance for his self-respect.",14,"Drama, Sport",John G. Avildsen
176,tt0111336,Annie Hall,PG,https://images-na.ssl-images-amazon.com/images/M/MV5BZDg1OGQ4YzgtM2Y2NS00NjA3LWFjYTctMDRlMDI3NWE1OTUyXkEyXkFqcGdeQXVyMjUzOTY1NTc@._V1_SX300.jpg,1977-04-20,8.1,Neurotic New York comedian Alvy Singer falls in love with the ditzy Annie Hall.,10,"Comedy, Romance",Woody Allen
177,tt0111337,Prisoners,R,https://images-na.ssl-images-amazon.com/images/M/MV5BMTg0NTIzMjQ1NV5BMl5BanBnXkFtZTcwNDc3MzM5OQ@@._V1_SX300.jpg,2013-09-20,8.1,"When Keller Dover's daughter and her friend go missing, he takes matters into his own hands as the police pursue multiple leads and the pressure mounts.",9,"Crime, Drama, Mystery",Denis Villeneuve
178,tt0111338,Donnie Darko,R,https://images-na.ssl-images-amazon.com/images/M/MV5BZWQyN2ZkODktMTBkNS00OTBjLWJhOGYtNGU4YWVkNTY0ZDZkXkEyXkFqcGdeQXVyNjU0OTQ0OTY@._V1_SX300.jpg,2001-10-26,8.1,"A troubled teenager is plagued by visions of a man in a large rabbit suit who manipulates him to commit a series of crimes, after he narrowly escapes a bizarre accident.",14,"Drama, Sci-Fi, Thriller",Richard Kelly
179,tt0111339,Catch Me If You Can,PG-13,https://images-na.ssl-images-amazon.com/images/M/MV5BMTY5MzYzNjc5NV5BMl5BanBnXkFtZTYwNTUyNTc2._V1_SX300.jpg,2002-12-25,8.1,"The story of 'Frank Abagnale Jr., before his 19th birthday, successfully forged millions of dollars' worth of checks while posing as a Pan Am pilot, a doctor, and legal prosecutor as a seasoned and dedicated FBI agent pursues him.",16,"Biography, Crime, Drama",Steven Spielberg
180,tt0111340,The Man Who Shot Liberty Valance,APPROVED,https://images-na.ssl-images-amazon.com/images/M/MV5BMGEyNzhkYzktMGMyZS00YzRiLWJlYjktZjJkOTU5ZDY0ZGI4XkEyXkFqcGdeQXVyNjUwNzk3NDc@._V1_SX300.jpg,1962-04-22,8.1,"A senator, who became famous for killing a notorious outlaw, returns for the funeral of an old friend and tells the truth about his deed.",12,"Action, Drama, Western",John Ford
181,tt0111341,Laura,APPROVED,https://images-na.ssl-images-amazon.com/images/M/MV5BYWQ0MmRiMjMtM2Y1MC00MTYwLWI4YzktOGI0MjdiNzJlZDc3L2ltYWdlL2ltYWdlXkEyXkFqcGdeQXVyNjc1NTYyMjg@._V1_SX300.jpg,1944-11-01,8.1,A police detective falls in love with the woman whose murder he is investigating.,10,"Drama, Film-Noir, Mystery",Otto Preminger
182,tt0111342,"Monsters, Inc.",G,https://images-na.ssl-images-amazon.com/images/M/MV5BMTY1NTI0ODUyOF5BMl5BanBnXkFtZTgwNTEyNjQ0MDE@._V1_SX300.jpg,2001-11-02,8.1,"In order to power the city, monsters have to scare children so that they scream. However, the children are toxic to the monsters, and after a child gets through, 2 monsters realize things may not be what they think.",14,"Animation, Adventure, Comedy","Pete Docter, David Silverman, Lee Unkrich"
183,tt0111343,The Bourne Ultimatum,PG-13,https://images-na.ssl-images-amazon.com/images/M/MV5BNGNiNmU2YTMtZmU4OS00MjM0LTlmYWUtMjVlYjAzYjE2N2RjXkEyXkFqcGdeQXVyNDk3NzU2MTQ@._V1_SX300.jpg,2007-08-03,8.1,Jason Bourne dodges a ruthless CIA official and his agents from a new assassination program while searching for the origins of his life as a trained killer.,14,"Action, Mystery, Thriller",Paul Greengrass
184,tt0111344,Cat on a Hot Tin Roof,APPROVED,https://images-na.ssl-images-amazon.com/images/M/MV5BMzFhNTMwNDMtZjY3Yy00NzY3LWI1ZWQtZTQxMWJmODVhZWFkXkEyXkFqcGdeQXVyNjQzNDI3NzY@._V1_SX300.jpg,1958-09-20,8.1,"Brick, an alcoholic ex-football player, drinks his days away and resists the affections of his wife, Maggie. His reunion with his father, Big Daddy, who is dying of cancer, jogs a host of memories and revelations for both father and son.",10,"Drama, Romance",Richard Brooks
185,tt0111345,The Wizard of Oz,G,https://images-na.ssl-images-amazon.com/images/M/MV5BNjUyMTc4MDExMV5BMl5BanBnXkFtZTgwNDg0NDIwMjE@._V1_SX300.jpg,1939-08-25,8.1,Dorothy Gale is swept away from a farm in Kansas to a magical land of Oz in a tornado and embarks on a quest with her new friends to see the Wizard who can help her return home in Kansas and help her friends as well.,11,"Adventure, Family, Fantasy","Victor Fleming, George Cukor, Mervyn LeRoy, Norman Taurog, King Vidor"
186,tt0111346,Sleuth,PG,https://images-na.ssl-images-amazon.com/images/M/MV5BM2EzZmFmMmItODY3Zi00NjdjLWE0MTYtZWQ3MGIyM2M4YjZhXkEyXkFqcGdeQXVyMzg2MzE2OTE@._V1_SX300.jpg,1973-07-12,8.1,"A man who loves games and theater invites his wife's lover to meet him, setting up a battle of wits with potentially deadly results.",11,"Mystery, Thriller",Joseph L. Mankiewicz
187,tt0111347,Roman Holiday,PASSED,https://images-na.ssl-images-amazon.com/images/M/MV5BMTE2MDM4MTMtZmNkZC00Y2QyLWE0YjUtMTAxZGJmODMxMDM0XkEyXkFqcGdeQXVyNjc1NTYyMjg@._V1_SX300.jpg,1953-09-02,8.1,A bored and sheltered princess escapes her guardians and falls in love with an American newsman in Rome.,10,"Comedy, Romance",William Wyler
188,tt0111348,Out of the Past,NOT RATED,https://images-na.ssl-images-amazon.com/images/M/MV5BMDE0MjYxYmMtM2VhMC00MjhiLTg5NjItMDkzZGM5MGVlYjMxL2ltYWdlL2ltYWdlXkEyXkFqcGdeQXVyNjc1NTYyMjg@._V1_SX300.jpg,1947-12-01,8.1,"A private eye escapes his past to run a gas station in a small town, but his past catches up with him. Now he must return to the big city world of danger, corruption, double crosses and duplicitous dames.",12,"Crime, Drama, Film-Noir",Jacques Tourneur
189,tt0111349,Anatomy of a Murder,UNRATED,https://images-na.ssl-images-amazon.com/images/M/MV5BMjA0ODU0OTQ5N15BMl5BanBnXkFtZTgwMzYzMzIxMDE@._V1_SX300.jpg,1959-09-01,8.1,"In a murder trial, the defendant says he suffered temporary insanity after the victim raped his wife. What is the truth, and will he win his case?",14,"Crime, Drama, Mystery",Otto Preminger
190,tt0111350,Who's Afraid of Virginia Woolf?,TV-MA,https://images-na.ssl-images-amazon.com/images/M/MV5BMjQ5ODI1MjQtMDc0Zi00OGQ1LWE2NTYtMTg1YTkxM2E5NzFkXkEyXkFqcGdeQXVyNTA4NzY1MzY@._V1_SX300.jpg,1966-06-22,8.1,"A bitter, aging couple, with the help of alcohol, use a young couple to fuel anguish and emotional pain towards each other.",10,Drama,Mike Nichols
191,tt0111351,The Terminator,R,https://images-na.ssl-images-amazon.com/images/M/MV5BODE1MDczNTUxOV5BMl5BanBnXkFtZTcwMTA0NDQyNA@@._V1_SX300.jpg,1984-10-26,8,"A seemingly indestructible humanoid cyborg is sent from 2029 to 1984 to assassinate a waitress, whose unborn son will lead humanity in a war against the machines, while a soldier from that war is sent to protect her at all costs.",12,"Action, Sci-Fi",James Cameron
192,tt0111352,Groundhog Day,PG,https://images-na.ssl-images-amazon.com/images/M/MV5BZWIxNzM5YzQtY2FmMS00Yjc3LWI1ZjUtNGVjMjMzZTIxZTIxXkEyXkFqcGdeQXVyNjU0OTQ0OTY@._V1_SX300.jpg,1993-02-12,8,A weatherman finds himself inexplicably living the same day over and over again.,13,"Comedy, Fantasy, Romance",Harold Ramis
193,tt0111353,The Help,PG-13,https://images-na.ssl-images-amazon.com/images/M/MV5BMTM5OTMyMjIxOV5BMl5BanBnXkFtZTcwNzU4MjIwNQ@@._V1_SX300.jpg,2011-08-10,8.1,"An aspiring author during the civil rights movement of the 1960s decides to write a book detailing the African American maids' point of view on the white families for which they work, and the hardships they go through on a daily basis.",15,Drama,Tate Taylor
194,tt0111354,Strangers on a Train,PG,https://images-na.ssl-images-amazon.com/images/M/MV5BNzc5N2ZjNWMtNWVkZi00MzYyLTkxNjYtMzc0NjE0MDFjNGQ0XkEyXkFqcGdeQXVyNjc1NTYyMjg@._V1_SX300.jpg,1951-06-30,8,A psychotic socialite confronts a pro tennis star with a theory on how two complete strangers can get away with murder - a theory that he plans to implement.,11,"Crime, Film-Noir, Thriller",Alfred Hitchcock
195,tt0111355,The Night of the Hunter,APPROVED,https://images-na.ssl-images-amazon.com/images/M/MV5BYTNjN2M2MzYtZGEwMi00Mzc5LWEwYTMtODM1ZmRiZjFiNTU0L2ltYWdlL2ltYWdlXkEyXkFqcGdeQXVyNjc1NTYyMjg@._V1_SX300.jpg,1955-11-24,8,"A religious fanatic marries a gullible widow whose young children are reluctant to tell him where their real daddy hid $10,000 he'd stolen in a robbery.",10,"Crime, Drama, Film-Noir",Charles Laughton
196,tt0111356,All Quiet on the Western Front,UNRATED,https://images-na.ssl-images-amazon.com/images/M/MV5BNTM5OTg2NDY1NF5BMl5BanBnXkFtZTcwNTQ4MTMwNw@@._V1_SX300.jpg,1930-08-24,8.1,A young soldier faces profound disillusionment in the soul-destroying horror of World War I.,15,"Drama, War",Lewis Milestone
197,tt0111357,Beauty and the Beast,G,https://images-na.ssl-images-amazon.com/images/M/MV5BMzE5MDM1NDktY2I0OC00YWI5LTk2NzUtYjczNDczOWQxYjM0XkEyXkFqcGdeQXVyMTQxNzMzNDI@._V1_SX300.jpg,1991-11-22,8,"A young woman whose father has been imprisoned by a terrifying beast offers herself in his place, unaware that her captor is actually a prince, physically altered by a magic spell.",17,"Animation, Family, Fantasy","Gary Trousdale, Kirk Wise"
198,tt0111358,Lion,PG-13,https://images-na.ssl-images-amazon.com/images/M/MV5BMjA3NjkzNjg2MF5BMl5BanBnXkFtZTgwMDkyMzgzMDI@._V1_SX300.jpg,2017-01-06,8.1,"A five-year-old Indian boy gets lost on the streets of Calcutta, thousands of kilometers from home. He survives many challenges before being adopted by a couple in Australia. 25 years later, he sets out to find his lost family.",13,"Biography, Drama",Garth Davis
199,tt0111359,Twelve Monkeys,R,https://images-na.ssl-images-amazon.com/images/M/MV5BN2Y2OWU4MWMtNmIyMy00YzMyLWI0Y2ItMTcyZDc3MTdmZDU4XkEyXkFqcGdeQXVyMTQxNzMzNDI@._V1_SX300.jpg,1996-01-05,8,"In a future world devastated by disease, a convict is sent back in time to gather information about the man-made virus that wiped out most of the human population on the planet.",11,"Mystery, Sci-Fi, Thriller",Terry Gilliam
200,tt0111360,Guardians of the Galaxy,PG-13,https://images-na.ssl-images-amazon.com/images/M/MV5BMTAwMjU5OTgxNjZeQTJeQWpwZ15BbWU4MDUxNDYxODEx._V1_SX300.jpg,2014-08-01,8.1,A group of intergalactic criminals are forced to work together to stop a fanatical warrior from taking control of the universe.,15,"Action, Adventure, Sci-Fi",James Gunn
201,tt0111361,Dog Day Afternoon,R,https://images-na.ssl-images-amazon.com/images/M/MV5BNmZiYzQ2ZmYtZTViNy00ODRkLWJkN2EtNjgwYWY1OGNmNDcxXkEyXkFqcGdeQXVyNjUwNzk3NDc@._V1_SX300.jpg,1975-12-25,8,A man robs a bank to pay for his lover's operation; it turns into a hostage situation and a media circus.,15,"Biography, Crime, Drama",Sidney Lumet
202,tt0111362,Jaws,PG,https://images-na.ssl-images-amazon.com/images/M/MV5BMmVmODY1MzEtYTMwZC00MzNhLWFkNDMtZjAwM2EwODUxZTA5XkEyXkFqcGdeQXVyNTAyODkwOQ@@._V1_SX300.jpg,1975-06-20,8,"A giant great white shark arrives on the shores of a New England beach resort and wreaks havoc with bloody attacks on swimmers, until a local sheriff teams up with a marine biologist and an old seafarer to hunt the monster down.",11,"Adventure, Drama, Thriller",Steven Spielberg
203,tt0111363,Zootopia,PG,https://images-na.ssl-images-amazon.com/images/M/MV5BOTMyMjEyNzIzMV5BMl5BanBnXkFtZTgwNzIyNjU0NzE@._V1_SX300.jpg,2016-03-04,8.1,"In a city of anthropomorphic animals, a rookie bunny cop and a cynical con artist fox must work together to uncover a conspiracy.",12,"Animation, Adventure, Comedy","Jared Bush, Byron Howard, Rich Moore"
204,tt0111364,Guardians of the Galaxy Vol. 2,PG-13,https://images-na.ssl-images-amazon.com/images/M/MV5BMTg2MzI1MTg3OF5BMl5BanBnXkFtZTgwNTU3NDA2MTI@._V1_SX300.jpg,2017-05-05,8.1,The Guardians must fight to keep their newfound family together as they unravel the mystery of Peter Quill's true parentage.,12,"Action, Adventure, Sci-Fi",James Gunn
205,tt0111365,Pirates of the Caribbean: The Curse of the Black Pearl,PG-13,https://images-na.ssl-images-amazon.com/images/M/MV5BNGYyZGM5MGMtYTY2Ni00M2Y1LWIzNjQtYWUzM2VlNGVhMDNhXkEyXkFqcGdeQXVyMTMxODk2OTU@._V1_SX300.jpg,2003-07-09,8,"Blacksmith Will Turner teams up with eccentric pirate ""Captain"" Jack Sparrow to save his love, the governor's daughter, from Jack's former pirate allies, who are now undead.",11,"Action, Adventure, Fantasy",Gore Verbinski
206,tt0111366,Before Sunset,R,https://images-na.ssl-images-amazon.com/images/M/MV5BMTQ1MjAwNTM5Ml5BMl5BanBnXkFtZTYwNDM0MTc3._V1_SX300.jpg,2004-07-30,8,"Nine years after Jesse and Celine first met, they encounter each other again on the French leg of Jesse's book tour.",13,"Drama, Romance",Richard Linklater
207,tt0111367,The Imitation Game,PG-13,https://images-na.ssl-images-amazon.com/images/M/MV5BOTgwMzFiMWYtZDhlNS00ODNkLWJiODAtZDVhNzgyNzJhYjQ4L2ltYWdlXkEyXkFqcGdeQXVyNzEzOTYxNTQ@._V1_SX300.jpg,2014-12-25,8.1,"During World War II, mathematician Alan Turing tries to crack the enigma code with help from fellow mathematicians.",15,"Biography, Drama, Thriller",Morten Tyldum
208,tt0111368,Young Frankenstein,PG,https://images-na.ssl-images-amazon.com/images/M/MV5BMTEwNjg2MjM2ODFeQTJeQWpwZ15BbWU4MDQ1MDU5OTEx._V1_SX300.jpg,1974-12-15,8,"An American grandson of the infamous scientist, struggling to prove that he is not as insane as people believe, is invited to Transylvania, where he discovers the process that reanimates a dead body.",11,Comedy,Mel Brooks
209,tt0111369,Stalag 17,NOT RATED,https://images-na.ssl-images-amazon.com/images/M/MV5BNDMyNGU0NjUtNTIxMC00ZmU2LWE0ZGItZTdkNGVlODI2ZDcyL2ltYWdlXkEyXkFqcGdeQXVyNjc1NTYyMjg@._V1_SX300.jpg,1953-08-10,8,"When two escaping American World War II prisoners are killed, the German POW camp barracks black marketeer, J.J. Sefton, is suspected of being an informer.",13,"Drama, War",Billy Wilder
210,tt0111370,Dogville,R,https://images-na.ssl-images-amazon.com/images/M/MV5BMTkwNTg2MTI1NF5BMl5BanBnXkFtZTcwMDM1MzUyMQ@@._V1_SX300.jpg,2004-04-23,8,"A woman on the run from the mob is reluctantly accepted in a small Colorado town. In exchange, she agrees to work for them. As a search visits town, she finds out that their support has a price. Yet her dangerous secret is never far away...",14,"Crime, Drama",Lars von Trier
211,tt0111371,Dead Poets Society,PG,https://images-na.ssl-images-amazon.com/images/M/MV5BOGYwYWNjMzgtNGU4ZC00NWQ2LWEwZjUtMzE1Zjc3NjY3YTU1XkEyXkFqcGdeQXVyMTQxNzMzNDI@._V1_SX300.jpg,1989-06-09,8,English teacher John Keating inspires his students to look at poetry with a different perspective of authentic knowledge and feelings.,16,"Comedy, Drama",Peter Weir
212,tt0111372,High Noon,PG,https://images-na.ssl-images-amazon.com/images/M/MV5BOWIzZGUxZmItOThkMS00Y2QxLTg0MTYtMDdhMjRlNTNlYTI3L2ltYWdlXkEyXkFqcGdeQXVyNjc1NTYyMjg@._V1_SX300.jpg,1952-07-30,8,"Marshal Will Kane, personally compelled to face his returning deadly enemy Frank Miller, finds that his fellow townspeople refuse to help him.",12,"Drama, Thriller, Western",Fred Zinnemann
213,tt0111373,Papillon,R,https://images-na.ssl-images-amazon.com/images/M/MV5BZGRjZjQ0NzAtYmZlNS00Zjc1LTk1YWItMDY5YzQxMzA4MTAzXkEyXkFqcGdeQXVyMjI4MjA5MzA@._V1_SX300.jpg,1974-02-06,8,"A man befriends a fellow criminal as the two of them begin serving their sentence on a dreadful prison island, which inspires the man to plot his escape.",11,"Biography, Crime, Drama",Franklin J. Schaffner
214,tt0111374,A Streetcar Named Desire,PG,https://images-na.ssl-images-amazon.com/images/M/MV5BNzk2M2Y3MzYtNGMzMi00Y2FjLTkwODQtNmExYWU3ZWY3NzExXkEyXkFqcGdeQXVyNTA4NzY1MzY@._V1_SX300.jpg,1951-12-01,8,Disturbed Blanche DuBois moves in with her sister in New Orleans and is tormented by her brutish brother-in-law while her reality crumbles around her.,16,Drama,Elia Kazan
215,tt0111375,Arsenic and Old Lace,NOT RATED,https://images-na.ssl-images-amazon.com/images/M/MV5BZDVlNTBjMjctNjAzNS00ZGJhLTg2NzMtNzIwYTIzYTBiMDkyXkEyXkFqcGdeQXVyNTA4NzY1MzY@._V1_SX300.jpg,1944-09-23,8,"A drama critic learns on his wedding day that his beloved maiden aunts are homicidal maniacs, and that insanity runs in his family.",18,"Comedy, Crime, Thriller",Frank Capra
216,tt0111376,Sin City,R,https://images-na.ssl-images-amazon.com/images/M/MV5BODZmYjMwNzEtNzVhNC00ZTRmLTk2M2UtNzE1MTQ2ZDAxNjc2XkEyXkFqcGdeQXVyMTQxNzMzNDI@._V1_SX300.jpg,2005-04-01,8,"A film that explores the dark and miserable town, Basin City, and tells the story of three different people, all caught up in violent corruption.",14,"Crime, Thriller","Frank Miller, Robert Rodriguez, Quentin Tarantino"
217,tt0111377,The Hustler,UNRATED,https://images-na.ssl-images-amazon.com/images/M/MV5BNjhjODI2NTItMGE1ZS00NThiLWE1MmYtOWE3YzcyNzY1MTJlXkEyXkFqcGdeQXVyNTc1NTQxODI@._V1_SX300.jpg,1961-10-27,8,An up-and-coming pool player plays a long-time champion in a single high-stakes match.,12,"Drama, Sport",Robert Rossen
218,tt0111378,A Night at the Opera,PASSED,https://images-na.ssl-images-amazon.com/images/M/MV5BMTYyNjgwMDg4NF5BMl5BanBnXkFtZTgwNTQ5MTM4MTE@._V1_SX300.jpg,1935-11-15,8.1,A sly business manager and two wacky friends of two opera singers help them achieve success while humiliating their stuffy and snobbish enemies.,16,"Comedy, Music, Musical","Sam Wood, Edmund Goulding"
219,tt0111379,The Killing,APPROVED,https://images-na.ssl-images-amazon.com/images/M/MV5BMDE5ZjAwY2YtOWM5Yi00ZWNlLWE5ODQtYjA4NzA1NGFkZDU5XkEyXkFqcGdeQXVyNjc1NTYyMjg@._V1_SX300.jpg,1956-06-06,8,Crooks plan and execute a daring race-track robbery.,16,"Crime, Drama, Film-Noir",Stanley Kubrick
220,tt0111380,The Avengers,PG-13,https://images-na.ssl-images-amazon.com/images/M/MV5BMTk2NTI1MTU4N15BMl5BanBnXkFtZTcwODg0OTY0Nw@@._V1_SX300.jpg,2012-05-04,8.1,Earth's mightiest heroes must come together and learn to fight as a team if they are to stop the mischievous Loki and his alien army from enslaving humanity.,12,"Action, Sci-Fi",Joss Whedon
221,tt0111381,Notorious,APPROVED,https://images-na.ssl-images-amazon.com/images/M/MV5BYTc1NGViOTMtNjZhNS00OGY2LWI4MmItOWQwNTY4MDMzNWI3L2ltYWdlXkEyXkFqcGdeQXVyNjc1NTYyMjg@._V1_SX300.jpg,1946-09-06,8,A woman is asked to spy on a group of Nazi friends in South America. How far will she have to go to ingratiate herself with them?,13,"Drama, Film-Noir, Romance",Alfred Hitchcock
222,tt0111382,Harvey,NOT RATED,https://images-na.ssl-images-amazon.com/images/M/MV5BMzg2YTFkNjgtM2ZkNS00MWVkLWIwMTEtZTgzMDM2MmUxNDE2XkEyXkFqcGdeQXVyMjI4MjA5MzA@._V1_SX300.jpg,1950-12-21,8,"Due to his insistence that he has an invisible six foot-tall rabbit for a best friend, a whimsical middle-aged man is thought by his family to be insane - but he may be wiser than anyone knows.",13,"Comedy, Drama, Fantasy",Henry Koster
223,tt0111383,The Martian,PG-13,https://images-na.ssl-images-amazon.com/images/M/MV5BMTc2MTQ3MDA1Nl5BMl5BanBnXkFtZTgwODA3OTI4NjE@._V1_SX300.jpg,2015-10-02,8,"An astronaut becomes stranded on Mars after his team assume him dead, and must rely on his ingenuity to find a way to signal to Earth that he is alive.",12,"Adventure, Drama, Sci-Fi",Ridley Scott
224,tt0111384,The Exorcist,R,https://images-na.ssl-images-amazon.com/images/M/MV5BYzczOGRlMzQtNDAzMS00MjdlLTk5Y2QtNTM3MDE3NjRkYzQwXkEyXkFqcGdeQXVyMTQxNzMzNDI@._V1_SX300.jpg,1973-12-26,8,"When a teenage girl is possessed by a mysterious entity, her mother seeks the help of two priests to save her daughter.",14,Horror,William Friedkin
225,tt0111385,Rio Bravo,NOT RATED,https://images-na.ssl-images-amazon.com/images/M/MV5BZDVhMTk1NjUtYjc0OS00OTE1LTk1NTYtYWMzMDI5OTlmYzU2XkEyXkFqcGdeQXVyNjc1NTYyMjg@._V1_SX300.jpg,1959-04-04,8,"A small-town sheriff in the American West enlists the help of a cripple, a drunk, and a young gunfighter in his efforts to hold in jail the brother of the local bad guy.",16,"Action, Drama, Western",Howard Hawks
226,tt0111386,The Philadelphia Story,NOT RATED,https://images-na.ssl-images-amazon.com/images/M/MV5BMjA2NzYzMjE3MF5BMl5BanBnXkFtZTgwNDExMDY0MzE@._V1_SX300.jpg,1941-01-17,8,"When a rich woman's ex-husband and a tabloid-type reporter turn up just before her planned remarriage, she begins to learn the truth about herself.",12,"Comedy, Romance",George Cukor
227,tt0111387,Rope,APPROVED,https://images-na.ssl-images-amazon.com/images/M/MV5BMmFiM2VmNjQtOTYwZi00YjUxLWJjYWItNTE3NGRlNTBkMmIxXkEyXkFqcGdeQXVyNjc1NTYyMjg@._V1_SX300.jpg,1948-09-25,8,"Two young men strangle their ""inferior"" classmate, hide his body in their apartment, and invite his friends and family to a dinner party as a means to challenge the ""perfection"" of their crime.",14,"Crime, Drama, Thriller",Alfred Hitchcock
228,tt0111388,The Big Sleep,APPROVED,https://images-na.ssl-images-amazon.com/images/M/MV5BNDM2OTM0MjUtOTQ4Yy00MmY3LThhM2UtOWFlYjkxNTgwZDcyXkEyXkFqcGdeQXVyNjc1NTYyMjg@._V1_SX300.jpg,1946-08-31,8,"Private detective Philip Marlowe is hired by a rich family. Before the complex case is over, he's seen murder, blackmail, and what might be love.",15,"Crime, Film-Noir, Mystery",Howard Hawks
229,tt0111389,Pink Floyd: The Wall,R,https://images-na.ssl-images-amazon.com/images/M/MV5BZDhlZTYxOTYtYTk3Ny00ZDljLTk3ZmItZTcxZWU5YTIyYmFkXkEyXkFqcGdeQXVyMTQxNzMzNDI@._V1_SX300.jpg,1982-09-17,8,A confined but troubled rock star descends into madness in the midst of his physical and social isolation from everyone.,17,"Animation, Drama, Fantasy",Alan Parker
230,tt0111390,The King's Speech,R,https://images-na.ssl-images-amazon.com/images/M/MV5BMzU5MjEwMTg2Nl5BMl5BanBnXkFtZTcwNzM3MTYxNA@@._V1_SX300.jpg,2010-12-25,8,"The story of King George VI of the United Kingdom of Great Britain and Northern Ireland, his impromptu ascension to the throne and the speech therapist who helped the unsure monarch become worthy of it.",13,"Biography, Drama",Tom Hooper
231,tt0111391,A Christmas Story,PG,https://images-na.ssl-images-amazon.com/images/M/MV5BOWMyNjE0MzEtMzVjNy00NjIxLTg0ZjMtMWJhNGI1YmVjYTczL2ltYWdlXkEyXkFqcGdeQXVyNzc5MjA3OA@@._V1_SX300.jpg,1983-11-18,8,"In the 1940s, a young boy named Ralphie attempts to convince his parents, his teacher, and Santa that a Red Ryder B.B. gun really is the perfect Christmas gift.",12,"Comedy, Family",Bob Clark
232,tt0111392,The Graduate,APPROVED,https://images-na.ssl-images-amazon.com/images/M/MV5BMTQ0ODc4MDk4Nl5BMl5BanBnXkFtZTcwMTEzNzgzNA@@._V1_SX300.jpg,1967-12-22,8,A disillusioned college graduate finds himself torn between his older lover and her daughter.,17,"Comedy, Drama",Mike Nichols
233,tt0111393,JFK,R,https://images-na.ssl-images-amazon.com/images/M/MV5BYjYyODExMDctZjgwYy00ZjQwLWI4OWYtOGFlYjA4ZjEzNmY1XkEyXkFqcGdeQXVyNTAyODkwOQ@@._V1_SX300.jpg,1991-12-20,8,A New Orleans DA discovers there's more to the Kennedy assassination than the official story.,19,"Drama, History, Thriller",Oliver Stone
234,tt0111394,Sling Blade,R,https://images-na.ssl-images-amazon.com/images/M/MV5BNGY5NWIxMjAtODBjNC00MmZhLTk1ZTAtNGRhYThlOTNjMTQwXkEyXkFqcGdeQXVyNTc1NTQxODI@._V1_SX300.jpg,1997-03-14,8,"Karl Childers, a simple man hospitalized since his childhood murder of his mother and her lover, is released to start a new life in a small town.",15,Drama,Billy Bob Thornton
235,tt0111395,Blood Diamond,R,https://images-na.ssl-images-amazon.com/images/M/MV5BMTY5MTYyNjkwNV5BMl5BanBnXkFtZTcwODE3MTI0MQ@@._V1_SX300.jpg,2006-12-08,8,"A fisherman, a smuggler, and a syndicate of businessmen match wits over the possession of a priceless diamond.",13,"Adventure, Drama, Thriller",Edward Zwick
236,tt0111396,Magnolia,R,https://images-na.ssl-images-amazon.com/images/M/MV5BZmFhMzE1NDUtNGFmOC00M2E2LWI3ODItNzJjZmRlMTY0NDc0XkEyXkFqcGdeQXVyMTQxNzMzNDI@._V1_SX300.jpg,2000-01-07,8,"An epic mosaic of interrelated characters in search of love, forgiveness, and meaning in the San Fernando Valley.",17,Drama,Paul Thomas Anderson
237,tt0111397,Rain Man,R,https://images-na.ssl-images-amazon.com/images/M/MV5BMzVjNzI4NzYtMjE4NS00M2IzLWFkOWMtOTYwMWUzN2ZlNGVjL2ltYWdlL2ltYWdlXkEyXkFqcGdeQXVyMTQxNzMzNDI@._V1_SX300.jpg,1988-12-16,8,Selfish yuppie Charlie Babbitt's father left a fortune to his savant brother Raymond and a pittance to Charlie; they travel cross-country.,17,Drama,Barry Levinson
238,tt0111398,The Revenant,R,https://images-na.ssl-images-amazon.com/images/M/MV5BY2FmODc2N2QtYmY3MS00YTMwLWI2NGYtZWRmYWVkNjFjZmI0XkEyXkFqcGdeQXVyNTMxMjgxMzA@._V1_SX300.jpg,2016-01-08,8,A frontiersman on a fur trading expedition in the 1820s fights for survival after being mauled by a bear and left for dead by members of his own hunting team.,13,"Adventure, Drama, Thriller",Alejandro González Iñárritu
239,tt0111399,The Nightmare Before Christmas,PG,https://images-na.ssl-images-amazon.com/images/M/MV5BNWE4OTNiM2ItMjY4Ni00ZTViLWFiZmEtZGEyNGY2ZmNlMzIyXkEyXkFqcGdeQXVyMDU5NDcxNw@@._V1_SX300.jpg,1993-10-29,8,"Jack Skellington, king of Halloween Town, discovers Christmas Town, but his attempts to bring Christmas to his home cause confusion.",14,"Animation, Family, Fantasy",Henry Selick
240,tt0111400,The Manchurian Candidate,PG-13,https://images-na.ssl-images-amazon.com/images/M/MV5BOTY0ZTA1ZjUtN2MyNi00ZGRmLWExYmMtOTkyNzI1NGQ2Y2RlXkEyXkFqcGdeQXVyNjc1NTYyMjg@._V1_SX300.jpg,1962-10-24,8,A former prisoner of war is brainwashed as an unwitting assassin for an international Communist conspiracy.,14,"Drama, Thriller",John Frankenheimer
241,tt0111401,Deadpool,R,https://images-na.ssl-images-amazon.com/images/M/MV5BMjQyODg5Njc4N15BMl5BanBnXkFtZTgwMzExMjE3NzE@._V1_SX300.jpg,2016-02-12,8,A fast-talking mercenary with a morbid sense of humor is subjected to a rogue experiment that leaves him with accelerated healing powers and a quest for revenge.,13,"Action, Adventure, Comedy",Tim Miller
242,tt0111402,The Wild Bunch,R,https://images-na.ssl-images-amazon.com/images/M/MV5BNGUyYTZmOWItMDJhMi00N2IxLWIyNDMtNjUxM2ZiYmU5YWU1XkEyXkFqcGdeQXVyNjc1NTYyMjg@._V1_SX300.jpg,1969-08-07,8,"An aging group of outlaws look for one last big score as the ""traditional"" American West is disappearing around them.",15,"Action, Adventure, Western",Sam Peckinpah
243,tt0111403,Aladdin,G,https://images-na.ssl-images-amazon.com/images/M/MV5BNTI4ODQ1MzAzNV5BMl5BanBnXkFtZTgwMzU4NzMxMDE@._V1_SX300.jpg,1992-11-25,8,"When a street urchin vies for the love of a beautiful princess, he uses a genie's magic power to make himself off as a prince in order to marry her.",17,"Animation, Adventure, Comedy","Ron Clements, John Musker"
244,tt0111404,Big Fish,PG-13,https://images-na.ssl-images-amazon.com/images/M/MV5BMTYyMzM3MzgyNV5BMl5BanBnXkFtZTcwMTI4MzUyMQ@@._V1_SX300.jpg,2004-01-09,8,A frustrated son tries to determine the fact from fiction in his dying father's life.,13,"Adventure, Drama, Fantasy",Tim Burton
245,tt0111405,Patton,GP,https://images-na.ssl-images-amazon.com/images/M/MV5BMmNhZmJhMmYtNjlkMC00MjhjLTk1NzMtMTNlMzYzNjZlMjNiXkEyXkFqcGdeQXVyMTQxNzMzNDI@._V1_SX300.jpg,1970-04-02,8,"The World War II phase of the career of the controversial American general, George S. Patton.",15,"Biography, Drama, War",Franklin J. Schaffner
246,tt0111406,The Lost Weekend,NOT RATED,https://images-na.ssl-images-amazon.com/images/M/MV5BMTk4NDQ0NjgyNF5BMl5BanBnXkFtZTgwMTE3NTkxMTE@._V1_SX300.jpg,1946-01-01,8,The desperate life of a chronic alcoholic is followed through a four-day drinking bout.,16,"Drama, Film-Noir",Billy Wilder
247,tt0111407,Short Term 12,R,https://images-na.ssl-images-amazon.com/images/M/MV5BMTEwNjE2OTM4NDZeQTJeQWpwZ15BbWU3MDE2MTE4OTk@._V1_SX300.jpg,2013-08-23,8,A 20-something supervising staff member of a residential treatment facility navigates the troubled waters of that world alongside her co-worker and longtime boyfriend.,18,Drama,Destin Daniel Cretton
248,tt0111408,His Girl Friday,APPROVED,https://images-na.ssl-images-amazon.com/images/M/MV5BOTU4ODdjNDYtZjk0Zi00ZDBmLTllODEtMzQ5NmYzZGEzNjVlXkEyXkFqcGdeQXVyNjc1NTYyMjg@._V1_SX300.jpg,1940-01-18,8,A newspaper editor uses every trick in the book to keep his ace reporter ex-wife from remarrying.,14,"Comedy, Drama, Romance",Howard Hawks
249,tt0111409,The Straight Story,G,https://images-na.ssl-images-amazon.com/images/M/MV5BNmE1MDk4OWEtYjk1NS00MWU2LTk5ZWItYjZhYmRkODRjMDc0XkEyXkFqcGdeQXVyNjE5MjUyOTM@._V1_SX300.jpg,1999-11-03,8,An old man makes a long journey by lawn-mover tractor to mend his relationship with an ill brother.,13,"Biography, Drama",David Lynch
250,tt0111410,Slumdog Millionaire,R,https://images-na.ssl-images-amazon.com/images/M/MV5BMTU2NTA5NzI0N15BMl5BanBnXkFtZTcwMjUxMjYxMg@@._V1_SX300.jpg,2008-12-25,8,"A Mumbai teen reflects on his upbringing in the slums when he is accused of cheating on the Indian Version of ""Who Wants to be a Millionaire?""",18,Drama,"Danny Boyle, Loveleen Tandan"
